"","SNP","effect_allele.exposure","other_allele.exposure","effect_allele.outcome","other_allele.outcome","beta.exposure","beta.outcome","eaf.exposure","eaf.outcome","remove","palindromic","ambiguous","id.outcome","chr","pos","se.outcome","samplesize.outcome","pval.outcome","outcome","originalname.outcome","outcome.deprecated","mr_keep.outcome","data_source.outcome","proxy.outcome","target_snp.outcome","proxy_snp.outcome","target_a1.outcome","target_a2.outcome","proxy_a1.outcome","proxy_a2.outcome","id.exposure","chr.exposure","pos.exposure","se.exposure","pval.exposure","samplesize.exposure","exposure","mr_keep.exposure","pval_origin.exposure","data_source.exposure","action","SNP_index","mr_keep"
"1","rs10046368","C","T","C","T",-0.0180066,-0.0042,0.30225,0.65,FALSE,FALSE,FALSE,"ebi-a-GCST005185","6","43788415",0.0034,51750,0.2137,"Fasting blood insulin || id:ebi-a-GCST005185","Fasting blood insulin","Fasting blood insulin ||  || ",TRUE,"igd",NA,NA,NA,NA,NA,NA,NA,"ebi-a-GCST90025996","6",43788415,0.00216521,4.70002e-17,458349,"Waist-to-hip ratio adjusted for BMI || id:ebi-a-GCST90025996",TRUE,"reported","igd",2,1,TRUE
"2","rs1016695","C","A","C","A",-0.017473,-0.0023,0.386703,0.54,FALSE,FALSE,FALSE,"ebi-a-GCST005185","21","39525549",0.0035,51750,0.5029,"Fasting blood insulin || id:ebi-a-GCST005185","Fasting blood insulin","Fasting blood insulin ||  || ",TRUE,"igd",NA,NA,NA,NA,NA,NA,NA,"ebi-a-GCST90025996","21",39525549,0.00205067,3.40017e-17,458349,"Waist-to-hip ratio adjusted for BMI || id:ebi-a-GCST90025996",TRUE,"reported","igd",2,1,TRUE
"3","rs10195252","C","T","C","T",-0.0313223,-0.013,0.405292,0.558,FALSE,FALSE,FALSE,"ebi-a-GCST005185","2","165513091",0.0032,51750,3.29102e-05,"Fasting blood insulin || id:ebi-a-GCST005185","Fasting blood insulin","Fasting blood insulin ||  || ",TRUE,"igd",NA,NA,NA,NA,NA,NA,NA,"ebi-a-GCST90025996","2",165513091,0.00201975,1.10002e-54,458349,"Waist-to-hip ratio adjusted for BMI || id:ebi-a-GCST90025996",TRUE,"reported","igd",2,1,TRUE
"4","rs10403360","A","G","A","G",0.0327555,-0.0049,0.422384,0.585,FALSE,FALSE,FALSE,"ebi-a-GCST005185","19","33897478",0.0032,51750,0.1338,"Fasting blood insulin || id:ebi-a-GCST005185","Fasting blood insulin","Fasting blood insulin ||  || ",TRUE,"igd",TRUE,"rs10403360","rs3786901","A","G","C","A","ebi-a-GCST90025996","19",33896195,0.00201397,4.60045e-60,458349,"Waist-to-hip ratio adjusted for BMI || id:ebi-a-GCST90025996",TRUE,"reported","igd",2,1,TRUE
"5","rs10441228","G","A","G","A",-0.0184168,-0.004,0.498228,0.544,FALSE,FALSE,FALSE,"ebi-a-GCST005185","7","77370662",0.0031,51750,0.1959,"Fasting blood insulin || id:ebi-a-GCST005185","Fasting blood insulin","Fasting blood insulin ||  || ",TRUE,"igd",NA,NA,NA,NA,NA,NA,NA,"ebi-a-GCST90025996","7",77370662,0.00198711,8.99912e-22,458349,"Waist-to-hip ratio adjusted for BMI || id:ebi-a-GCST90025996",TRUE,"reported","igd",2,1,TRUE
"6","rs1044210","T","G","T","G",-0.0129301,0.0038,0.281687,0.261,FALSE,FALSE,FALSE,"ebi-a-GCST005185","10","33467321",0.004,51750,0.3452,"Fasting blood insulin || id:ebi-a-GCST005185","Fasting blood insulin","Fasting blood insulin ||  || ",TRUE,"igd",NA,NA,NA,NA,NA,NA,NA,"ebi-a-GCST90025996","10",33467321,0.00221845,1.2e-09,458349,"Waist-to-hip ratio adjusted for BMI || id:ebi-a-GCST90025996",TRUE,"reported","igd",2,1,TRUE
"7","rs10498948","T","G","T","G",0.0224348,-0.0035,0.105556,0.103,FALSE,FALSE,FALSE,"ebi-a-GCST005185","6","85405761",0.0053,51750,0.5156,"Fasting blood insulin || id:ebi-a-GCST005185","Fasting blood insulin","Fasting blood insulin ||  || ",TRUE,"igd",NA,NA,NA,NA,NA,NA,NA,"ebi-a-GCST90025996","6",85405761,0.00323109,3.19963e-12,458349,"Waist-to-hip ratio adjusted for BMI || id:ebi-a-GCST90025996",TRUE,"reported","igd",2,1,TRUE
"8","rs10515337","C","T","C","T",-0.0170845,0.0025,0.314685,0.719,FALSE,FALSE,FALSE,"ebi-a-GCST005185","5","102301368",0.0033,51750,0.4569,"Fasting blood insulin || id:ebi-a-GCST005185","Fasting blood insulin","Fasting blood insulin ||  || ",TRUE,"igd",NA,NA,NA,NA,NA,NA,NA,"ebi-a-GCST90025996","5",102301368,0.00213926,2.80027e-15,458349,"Waist-to-hip ratio adjusted for BMI || id:ebi-a-GCST90025996",TRUE,"reported","igd",2,1,TRUE
"9","rs1055144","T","C","T","C",0.0291321,0.0093,0.192834,0.159,FALSE,FALSE,FALSE,"ebi-a-GCST005185","7","25871109",0.0039,51750,0.0167001,"Fasting blood insulin || id:ebi-a-GCST005185","Fasting blood insulin","Fasting blood insulin ||  || ",TRUE,"igd",NA,NA,NA,NA,NA,NA,NA,"ebi-a-GCST90025996","7",25871109,0.00251975,4.00037e-31,458349,"Waist-to-hip ratio adjusted for BMI || id:ebi-a-GCST90025996",TRUE,"reported","igd",2,1,TRUE
"10","rs10744167","C","T","C","T",-0.0152539,-0.0028,0.433216,0.567,FALSE,FALSE,FALSE,"ebi-a-GCST005185","12","124635113",0.0032,51750,0.3939,"Fasting blood insulin || id:ebi-a-GCST005185","Fasting blood insulin","Fasting blood insulin ||  || ",TRUE,"igd",NA,NA,NA,NA,NA,NA,NA,"ebi-a-GCST90025996","12",124635113,0.00200611,2.39994e-14,458349,"Waist-to-hip ratio adjusted for BMI || id:ebi-a-GCST90025996",TRUE,"reported","igd",2,1,TRUE
"11","rs10753801","G","A","G","A",0.0269491,0.01,0.839013,0.854,FALSE,FALSE,FALSE,"ebi-a-GCST005185","1","170259844",0.0043,51750,0.0177599,"Fasting blood insulin || id:ebi-a-GCST005185","Fasting blood insulin","Fasting blood insulin ||  || ",TRUE,"igd",NA,NA,NA,NA,NA,NA,NA,"ebi-a-GCST90025996","1",170259844,0.00269537,5.50047e-24,458349,"Waist-to-hip ratio adjusted for BMI || id:ebi-a-GCST90025996",TRUE,"reported","igd",2,1,TRUE
"12","rs1075403","G","T","G","T",-0.0261034,-0.005,0.632387,0.637,FALSE,FALSE,FALSE,"ebi-a-GCST005185","19","18384950",0.0033,51750,0.1282,"Fasting blood insulin || id:ebi-a-GCST005185","Fasting blood insulin","Fasting blood insulin ||  || ",TRUE,"igd",NA,NA,NA,NA,NA,NA,NA,"ebi-a-GCST90025996","19",18384950,0.00206666,7.70016e-39,458349,"Waist-to-hip ratio adjusted for BMI || id:ebi-a-GCST90025996",TRUE,"reported","igd",2,1,TRUE
"13","rs10787472","C","A","C","A",0.0188063,-0.012,0.466076,0.566,FALSE,FALSE,FALSE,"ebi-a-GCST005185","10","114781297",0.0031,51750,0.00017,"Fasting blood insulin || id:ebi-a-GCST005185","Fasting blood insulin","Fasting blood insulin ||  || ",TRUE,"igd",NA,NA,NA,NA,NA,NA,NA,"ebi-a-GCST90025996","10",114781297,0.00199353,2.39994e-21,458349,"Waist-to-hip ratio adjusted for BMI || id:ebi-a-GCST90025996",TRUE,"reported","igd",2,1,TRUE
"14","rs10821962","G","A","G","A",-0.0122048,-3e-04,0.339866,0.686,FALSE,FALSE,FALSE,"ebi-a-GCST005185","10","63912835",0.0034,51750,0.9201,"Fasting blood insulin || id:ebi-a-GCST005185","Fasting blood insulin","Fasting blood insulin ||  || ",TRUE,"igd",NA,NA,NA,NA,NA,NA,NA,"ebi-a-GCST90025996","10",63912835,0.00210154,6.1e-09,458349,"Waist-to-hip ratio adjusted for BMI || id:ebi-a-GCST90025996",TRUE,"reported","igd",2,1,TRUE
"15","rs10832246","A","G","A","G",0.0139432,-0.0064,0.336778,0.358,FALSE,FALSE,FALSE,"ebi-a-GCST005185","11","14380998",0.0032,51750,0.0464098,"Fasting blood insulin || id:ebi-a-GCST005185","Fasting blood insulin","Fasting blood insulin ||  || ",TRUE,"igd",TRUE,"rs10832246","rs11023197","A","G","A","G","ebi-a-GCST90025996","11",14380828,0.00213411,9.70063e-11,458349,"Waist-to-hip ratio adjusted for BMI || id:ebi-a-GCST90025996",TRUE,"reported","igd",2,1,TRUE
"16","rs10840331","C","T","C","T",0.0144665,0.0015,0.565104,0.55,FALSE,FALSE,FALSE,"ebi-a-GCST005185","11","9972479",0.0031,51750,0.6356,"Fasting blood insulin || id:ebi-a-GCST005185","Fasting blood insulin","Fasting blood insulin ||  || ",TRUE,"igd",NA,NA,NA,NA,NA,NA,NA,"ebi-a-GCST90025996","11",9972479,0.00200741,1.10002e-13,458349,"Waist-to-hip ratio adjusted for BMI || id:ebi-a-GCST90025996",TRUE,"reported","igd",2,1,TRUE
"17","rs10851545","T","C","T","C",0.0156847,-0.0046,0.672947,0.733,FALSE,FALSE,FALSE,"ebi-a-GCST005185","15","31684284",0.0035,51750,0.1902,"Fasting blood insulin || id:ebi-a-GCST005185","Fasting blood insulin","Fasting blood insulin ||  || ",TRUE,"igd",TRUE,"rs10851545","rs12902234","C","T","G","C","ebi-a-GCST90025996","15",31687478,0.0021236,7.00003e-14,458349,"Waist-to-hip ratio adjusted for BMI || id:ebi-a-GCST90025996",TRUE,"reported","igd",2,1,TRUE
"18","rs10878370","G","T","G","T",0.019183,-0.0014,0.279241,0.723,FALSE,FALSE,FALSE,"ebi-a-GCST005185","12","66446891",0.0037,51750,0.7085,"Fasting blood insulin || id:ebi-a-GCST005185","Fasting blood insulin","Fasting blood insulin ||  || ",TRUE,"igd",TRUE,"rs10878370","rs10878369","G","T","G","C","ebi-a-GCST90025996","12",66446905,0.00221613,1.59993e-18,458349,"Waist-to-hip ratio adjusted for BMI || id:ebi-a-GCST90025996",TRUE,"reported","igd",2,1,TRUE
"19","rs10883756","C","T","C","T",0.012037,1e-04,0.602786,0.51,FALSE,FALSE,FALSE,"ebi-a-GCST005185","10","104386309",0.0031,51750,0.9836,"Fasting blood insulin || id:ebi-a-GCST005185","Fasting blood insulin","Fasting blood insulin ||  || ",TRUE,"igd",TRUE,"rs10883756","rs4285804","T","C","T","A","ebi-a-GCST90025996","10",104400112,0.00203247,1.6e-09,458349,"Waist-to-hip ratio adjusted for BMI || id:ebi-a-GCST90025996",TRUE,"reported","igd",2,1,TRUE
"20","rs10891315","G","A","G","A",-0.0242849,0.0019,0.359408,0.717,FALSE,FALSE,FALSE,"ebi-a-GCST005185","11","111933678",0.0032,51750,0.5469,"Fasting blood insulin || id:ebi-a-GCST005185","Fasting blood insulin","Fasting blood insulin ||  || ",TRUE,"igd",TRUE,"rs10891315","rs9371","G","A","G","A","ebi-a-GCST90025996","11",111933088,0.00210158,8.80035e-32,458349,"Waist-to-hip ratio adjusted for BMI || id:ebi-a-GCST90025996",TRUE,"reported","igd",2,1,TRUE
"21","rs10953934","A","G","A","G",-0.0157023,-0.0065,0.382768,0.336,FALSE,FALSE,FALSE,"ebi-a-GCST005185","7","120901695",0.0033,51750,0.0476299,"Fasting blood insulin || id:ebi-a-GCST005185","Fasting blood insulin","Fasting blood insulin ||  || ",TRUE,"igd",NA,NA,NA,NA,NA,NA,NA,"ebi-a-GCST90025996","7",120901695,0.00205406,8.9002e-15,458349,"Waist-to-hip ratio adjusted for BMI || id:ebi-a-GCST90025996",TRUE,"reported","igd",2,1,TRUE
"22","rs10991437","A","C","A","C",0.0292357,0.0085,0.116979,0.129,FALSE,FALSE,FALSE,"ebi-a-GCST005185","9","107735920",0.0053,51750,0.1082,"Fasting blood insulin || id:ebi-a-GCST005185","Fasting blood insulin","Fasting blood insulin ||  || ",TRUE,"igd",NA,NA,NA,NA,NA,NA,NA,"ebi-a-GCST90025996","9",107735920,0.00309478,1.99986e-21,458349,"Waist-to-hip ratio adjusted for BMI || id:ebi-a-GCST90025996",TRUE,"reported","igd",2,1,TRUE
"23","rs11053221","T","C","T","C",-0.0134227,0.0043,0.39506,0.429,FALSE,FALSE,FALSE,"ebi-a-GCST005185","12","34480890",0.0033,51750,0.1978,"Fasting blood insulin || id:ebi-a-GCST005185","Fasting blood insulin","Fasting blood insulin ||  || ",TRUE,"igd",NA,NA,NA,NA,NA,NA,NA,"ebi-a-GCST90025996","12",34480890,0.0020331,1.20005e-11,458349,"Waist-to-hip ratio adjusted for BMI || id:ebi-a-GCST90025996",TRUE,"reported","igd",2,1,TRUE
"24","rs11078594","C","G","C","G",-0.0149361,-0.0022,0.18333,0.168,FALSE,TRUE,FALSE,"ebi-a-GCST005185","17","1612199",0.0051,51750,0.6704,"Fasting blood insulin || id:ebi-a-GCST005185","Fasting blood insulin","Fasting blood insulin ||  || ",TRUE,"igd",TRUE,"rs11078594","rs8076112","C","G","C","A","ebi-a-GCST90025996","17",1612777,0.00259864,1.6e-08,458349,"Waist-to-hip ratio adjusted for BMI || id:ebi-a-GCST90025996",TRUE,"reported","igd",2,1,TRUE
"25","rs1111875","T","C","T","C",-0.0120053,0.0017,0.408442,0.416,FALSE,FALSE,FALSE,"ebi-a-GCST005185","10","94462882",0.0031,51750,0.589899,"Fasting blood insulin || id:ebi-a-GCST005185","Fasting blood insulin","Fasting blood insulin ||  || ",TRUE,"igd",NA,NA,NA,NA,NA,NA,NA,"ebi-a-GCST90025996","10",94462882,0.00202389,9.09997e-09,458349,"Waist-to-hip ratio adjusted for BMI || id:ebi-a-GCST90025996",TRUE,"reported","igd",2,1,TRUE
"26","rs11147235","C","T","C","T",-0.0164674,0.001,0.185493,0.852,FALSE,FALSE,FALSE,"ebi-a-GCST005185","12","133766122",0.0049,51750,0.8422,"Fasting blood insulin || id:ebi-a-GCST005185","Fasting blood insulin","Fasting blood insulin ||  || ",TRUE,"igd",TRUE,"rs11147235","rs12828318","C","T","G","A","ebi-a-GCST90025996","12",133688707,0.00255792,1.6e-10,458349,"Waist-to-hip ratio adjusted for BMI || id:ebi-a-GCST90025996",TRUE,"reported","igd",2,1,TRUE
"27","rs11198034","T","C","T","C",-0.0154743,0.0046,0.618503,0.558,FALSE,FALSE,FALSE,"ebi-a-GCST005185","10","119321449",0.0032,51750,0.1539,"Fasting blood insulin || id:ebi-a-GCST005185","Fasting blood insulin","Fasting blood insulin ||  || ",TRUE,"igd",TRUE,"rs11198034","rs2255424","C","T","T","C","ebi-a-GCST90025996","10",119319392,0.00205022,4.49987e-14,458349,"Waist-to-hip ratio adjusted for BMI || id:ebi-a-GCST90025996",TRUE,"reported","igd",2,1,TRUE
"28","rs1149392","G","A","G","A",-0.015291,0.0021,0.258651,0.704,FALSE,FALSE,FALSE,"ebi-a-GCST005185","1","160428188",0.0038,51750,0.5846,"Fasting blood insulin || id:ebi-a-GCST005185","Fasting blood insulin","Fasting blood insulin ||  || ",TRUE,"igd",NA,NA,NA,NA,NA,NA,NA,"ebi-a-GCST90025996","1",160428188,0.00226662,2.49977e-12,458349,"Waist-to-hip ratio adjusted for BMI || id:ebi-a-GCST90025996",TRUE,"reported","igd",2,1,TRUE
"29","rs11590845","C","A","C","A",0.0109623,-0.003,0.35562,0.646,FALSE,FALSE,FALSE,"ebi-a-GCST005185","1","236170665",0.0033,51750,0.3702,"Fasting blood insulin || id:ebi-a-GCST005185","Fasting blood insulin","Fasting blood insulin ||  || ",TRUE,"igd",NA,NA,NA,NA,NA,NA,NA,"ebi-a-GCST90025996","1",236170665,0.00207252,2.30001e-08,458349,"Waist-to-hip ratio adjusted for BMI || id:ebi-a-GCST90025996",TRUE,"reported","igd",2,1,TRUE
"30","rs11718898","C","T","C","T",-0.0170723,-0.004,0.659018,0.735,FALSE,FALSE,FALSE,"ebi-a-GCST005185","3","12848822",0.0035,51750,0.2513,"Fasting blood insulin || id:ebi-a-GCST005185","Fasting blood insulin","Fasting blood insulin ||  || ",TRUE,"igd",NA,NA,NA,NA,NA,NA,NA,"ebi-a-GCST90025996","3",12848822,0.00212843,3.19963e-16,458349,"Waist-to-hip ratio adjusted for BMI || id:ebi-a-GCST90025996",TRUE,"reported","igd",2,1,TRUE
"31","rs11733546","T","C","T","C",0.0333311,-6e-04,0.0373727,0.042,FALSE,FALSE,FALSE,"ebi-a-GCST005185","4","145654896",0.011,51750,0.9551,"Fasting blood insulin || id:ebi-a-GCST005185","Fasting blood insulin","Fasting blood insulin ||  || ",TRUE,"igd",NA,NA,NA,NA,NA,NA,NA,"ebi-a-GCST90025996","4",145654896,0.00523959,2.09991e-11,458349,"Waist-to-hip ratio adjusted for BMI || id:ebi-a-GCST90025996",TRUE,"reported","igd",2,1,TRUE
"32","rs11737560","T","C","T","C",0.0175972,0.0031,0.124267,0.127,FALSE,FALSE,FALSE,"ebi-a-GCST005185","4","120131644",0.0045,51750,0.4857,"Fasting blood insulin || id:ebi-a-GCST005185","Fasting blood insulin","Fasting blood insulin ||  || ",TRUE,"igd",NA,NA,NA,NA,NA,NA,NA,"ebi-a-GCST90025996","4",120131644,0.00301027,3.50002e-09,458349,"Waist-to-hip ratio adjusted for BMI || id:ebi-a-GCST90025996",TRUE,"reported","igd",2,1,TRUE
"33","rs11770289","A","C","A","C",-0.0295166,-0.0088,0.0890871,0.872,FALSE,FALSE,FALSE,"ebi-a-GCST005185","7","107616068",0.0056,51750,0.1169,"Fasting blood insulin || id:ebi-a-GCST005185","Fasting blood insulin","Fasting blood insulin ||  || ",TRUE,"igd",TRUE,"rs11770289","rs11760290","A","C","C","T","ebi-a-GCST90025996","7",107616049,0.00357743,2.70023e-16,458349,"Waist-to-hip ratio adjusted for BMI || id:ebi-a-GCST90025996",TRUE,"reported","igd",2,1,TRUE
"34","rs11793856","G","C","G","C",-0.0143297,0.0072,0.276099,0.281,FALSE,TRUE,FALSE,"ebi-a-GCST005185","9","96714491",0.0039,51750,0.0647307,"Fasting blood insulin || id:ebi-a-GCST005185","Fasting blood insulin","Fasting blood insulin ||  || ",TRUE,"igd",NA,NA,NA,NA,NA,NA,NA,"ebi-a-GCST90025996","9",96714491,0.00224106,5.40008e-11,458349,"Waist-to-hip ratio adjusted for BMI || id:ebi-a-GCST90025996",TRUE,"reported","igd",2,1,TRUE
"35","rs11870577","A","C","A","C",0.0292257,0.0031,0.0782333,0.934,FALSE,FALSE,FALSE,"ebi-a-GCST005185","17","74255029",0.0063,51750,0.617401,"Fasting blood insulin || id:ebi-a-GCST005185","Fasting blood insulin","Fasting blood insulin ||  || ",TRUE,"igd",TRUE,"rs11870577","rs8079062","A","C","G","A","ebi-a-GCST90025996","17",74270111,0.00372545,1.10002e-15,458349,"Waist-to-hip ratio adjusted for BMI || id:ebi-a-GCST90025996",TRUE,"reported","igd",2,1,TRUE
"36","rs1211184","C","T","C","T",0.0185414,-0.0054,0.0932957,0.885,FALSE,FALSE,FALSE,"ebi-a-GCST005185","1","35888147",0.0048,51750,0.2554,"Fasting blood insulin || id:ebi-a-GCST005185","Fasting blood insulin","Fasting blood insulin ||  || ",TRUE,"igd",NA,NA,NA,NA,NA,NA,NA,"ebi-a-GCST90025996","1",35888147,0.00340717,2.19999e-08,458349,"Waist-to-hip ratio adjusted for BMI || id:ebi-a-GCST90025996",TRUE,"reported","igd",2,1,TRUE
"37","rs12121476","G","C","G","C",0.0223986,0.0054,0.249589,0.257,FALSE,TRUE,FALSE,"ebi-a-GCST005185","1","9335745",0.0038,51750,0.1597,"Fasting blood insulin || id:ebi-a-GCST005185","Fasting blood insulin","Fasting blood insulin ||  || ",TRUE,"igd",TRUE,"rs12121476","rs6688233","G","C","T","C","ebi-a-GCST90025996","1",9335327,0.00231085,5.70033e-22,458349,"Waist-to-hip ratio adjusted for BMI || id:ebi-a-GCST90025996",TRUE,"reported","igd",2,1,TRUE
"38","rs12141651","G","A","G","A",0.0210784,7e-04,0.178703,0.856,FALSE,FALSE,FALSE,"ebi-a-GCST005185","1","119491316",0.0038,51750,0.862,"Fasting blood insulin || id:ebi-a-GCST005185","Fasting blood insulin","Fasting blood insulin ||  || ",TRUE,"igd",TRUE,"rs12141651","rs12139690","G","A","G","A","ebi-a-GCST90025996","1",119492703,0.00258668,3.50026e-16,458349,"Waist-to-hip ratio adjusted for BMI || id:ebi-a-GCST90025996",TRUE,"reported","igd",2,1,TRUE
"39","rs12185079","T","C","T","C",0.0133513,-0.001,0.227336,0.237,FALSE,FALSE,FALSE,"ebi-a-GCST005185","15","100265725",0.0086,51750,0.912,"Fasting blood insulin || id:ebi-a-GCST005185","Fasting blood insulin","Fasting blood insulin ||  || ",TRUE,"igd",TRUE,"rs12185079","rs11247124","T","C","A","G","ebi-a-GCST90025996","15",100271253,0.00237869,3.2e-08,458349,"Waist-to-hip ratio adjusted for BMI || id:ebi-a-GCST90025996",TRUE,"reported","igd",2,1,TRUE
"40","rs12409277","C","T","C","T",0.0205257,0.0045,0.184679,0.792,FALSE,FALSE,FALSE,"ebi-a-GCST005185","1","2957600",0.0042,51750,0.2841,"Fasting blood insulin || id:ebi-a-GCST005185","Fasting blood insulin","Fasting blood insulin ||  || ",TRUE,"igd",NA,NA,NA,NA,NA,NA,NA,"ebi-a-GCST90025996","1",2957600,0.00255856,1.59993e-16,458349,"Waist-to-hip ratio adjusted for BMI || id:ebi-a-GCST90025996",TRUE,"reported","igd",2,1,TRUE
"41","rs12435157","A","G","A","G",0.0218598,-0.0018,0.287183,0.725,FALSE,FALSE,FALSE,"ebi-a-GCST005185","14","91531030",0.0035,51750,0.6095,"Fasting blood insulin || id:ebi-a-GCST005185","Fasting blood insulin","Fasting blood insulin ||  || ",TRUE,"igd",TRUE,"rs12435157","rs1075014","A","G","G","A","ebi-a-GCST90025996","14",91526353,0.00220775,8.69961e-24,458349,"Waist-to-hip ratio adjusted for BMI || id:ebi-a-GCST90025996",TRUE,"reported","igd",2,1,TRUE
"42","rs12454712","C","T","C","T",-0.0170986,-0.018,0.374927,0.637,FALSE,FALSE,FALSE,"ebi-a-GCST005185","18","60845884",0.0054,51750,0.000687306,"Fasting blood insulin || id:ebi-a-GCST005185","Fasting blood insulin","Fasting blood insulin ||  || ",TRUE,"igd",NA,NA,NA,NA,NA,NA,NA,"ebi-a-GCST90025996","18",60845884,0.00206875,1e-16,458349,"Waist-to-hip ratio adjusted for BMI || id:ebi-a-GCST90025996",TRUE,"reported","igd",2,1,TRUE
"43","rs1250247","G","C","G","C",-0.0150832,-0.0023,0.716609,0.767,FALSE,TRUE,FALSE,"ebi-a-GCST005185","2","216299629",0.0037,51750,0.534399,"Fasting blood insulin || id:ebi-a-GCST005185","Fasting blood insulin","Fasting blood insulin ||  || ",TRUE,"igd",NA,NA,NA,NA,NA,NA,NA,"ebi-a-GCST90025996","2",216299629,0.00222256,2.60016e-11,458349,"Waist-to-hip ratio adjusted for BMI || id:ebi-a-GCST90025996",TRUE,"reported","igd",2,1,TRUE
"44","rs12519145","A","G","A","G",0.0217587,0.0081,0.23034,0.186,FALSE,FALSE,FALSE,"ebi-a-GCST005185","5","176555523",0.0039,51750,0.0382798,"Fasting blood insulin || id:ebi-a-GCST005185","Fasting blood insulin","Fasting blood insulin ||  || ",TRUE,"igd",NA,NA,NA,NA,NA,NA,NA,"ebi-a-GCST90025996","5",176555523,0.00236042,3.69999e-21,458349,"Waist-to-hip ratio adjusted for BMI || id:ebi-a-GCST90025996",TRUE,"reported","igd",2,1,TRUE
"45","rs12591294","C","T","C","T",0.0199979,0.0044,0.216474,0.796,FALSE,FALSE,FALSE,"ebi-a-GCST005185","15","56525994",0.0039,51750,0.2556,"Fasting blood insulin || id:ebi-a-GCST005185","Fasting blood insulin","Fasting blood insulin ||  || ",TRUE,"igd",NA,NA,NA,NA,NA,NA,NA,"ebi-a-GCST90025996","15",56525994,0.0024169,5.19996e-17,458349,"Waist-to-hip ratio adjusted for BMI || id:ebi-a-GCST90025996",TRUE,"reported","igd",2,1,TRUE
"46","rs12936587","A","G","A","G",-0.0201722,1e-04,0.47177,0.467,FALSE,FALSE,FALSE,"ebi-a-GCST005185","17","17543722",0.0033,51750,0.9782,"Fasting blood insulin || id:ebi-a-GCST005185","Fasting blood insulin","Fasting blood insulin ||  || ",TRUE,"igd",NA,NA,NA,NA,NA,NA,NA,"ebi-a-GCST90025996","17",17543722,0.00199244,9.30037e-24,458349,"Waist-to-hip ratio adjusted for BMI || id:ebi-a-GCST90025996",TRUE,"reported","igd",2,1,TRUE
"47","rs1294421","G","T","G","T",0.0298455,-0.0012,0.606918,0.58,FALSE,FALSE,FALSE,"ebi-a-GCST005185","6","6743149",0.0032,51750,0.7208,"Fasting blood insulin || id:ebi-a-GCST005185","Fasting blood insulin","Fasting blood insulin ||  || ",TRUE,"igd",NA,NA,NA,NA,NA,NA,NA,"ebi-a-GCST90025996","6",6743149,0.0020313,1.39991e-49,458349,"Waist-to-hip ratio adjusted for BMI || id:ebi-a-GCST90025996",TRUE,"reported","igd",2,1,TRUE
"49","rs13052956","A","G","A","G",-0.012614,-0.0033,0.485189,0.469,FALSE,FALSE,FALSE,"ebi-a-GCST005185","21","47545768",0.0034,51750,0.3327,"Fasting blood insulin || id:ebi-a-GCST005185","Fasting blood insulin","Fasting blood insulin ||  || ",TRUE,"igd",TRUE,"rs13052956","rs1042917","G","A","G","A","ebi-a-GCST90025996","21",47545823,0.00204239,3.09999e-10,458349,"Waist-to-hip ratio adjusted for BMI || id:ebi-a-GCST90025996",TRUE,"reported","igd",2,1,TRUE
"50","rs13107325","T","C","T","C",-0.0351329,-1e-04,0.0748526,0.098,FALSE,FALSE,FALSE,"ebi-a-GCST005185","4","103188709",0.0074,51750,0.9865,"Fasting blood insulin || id:ebi-a-GCST005185","Fasting blood insulin","Fasting blood insulin ||  || ",TRUE,"igd",NA,NA,NA,NA,NA,NA,NA,"ebi-a-GCST90025996","4",103188709,0.00383586,6.29941e-21,458349,"Waist-to-hip ratio adjusted for BMI || id:ebi-a-GCST90025996",TRUE,"reported","igd",2,1,TRUE
"51","rs13250456","T","C","T","C",0.0444299,3e-04,0.0726867,0.042,FALSE,FALSE,FALSE,"ebi-a-GCST005185","8","72408720",0.0067,51750,0.9656,"Fasting blood insulin || id:ebi-a-GCST005185","Fasting blood insulin","Fasting blood insulin ||  || ",TRUE,"igd",NA,NA,NA,NA,NA,NA,NA,"ebi-a-GCST90025996","8",72408720,0.00383482,5.90065e-32,458349,"Waist-to-hip ratio adjusted for BMI || id:ebi-a-GCST90025996",TRUE,"reported","igd",2,1,TRUE
"52","rs13702","C","T","C","T",-0.0124155,-0.0053,0.287325,0.712,FALSE,FALSE,FALSE,"ebi-a-GCST005185","8","19824492",0.0035,51750,0.1236,"Fasting blood insulin || id:ebi-a-GCST005185","Fasting blood insulin","Fasting blood insulin ||  || ",TRUE,"igd",NA,NA,NA,NA,NA,NA,NA,"ebi-a-GCST90025996","8",19824492,0.00220096,1.29999e-08,458349,"Waist-to-hip ratio adjusted for BMI || id:ebi-a-GCST90025996",TRUE,"reported","igd",2,1,TRUE
"53","rs1377290","T","C","T","C",0.0263338,0.0095,0.464122,0.463,FALSE,FALSE,FALSE,"ebi-a-GCST005185","4","89716933",0.0032,51750,0.00286003,"Fasting blood insulin || id:ebi-a-GCST005185","Fasting blood insulin","Fasting blood insulin ||  || ",TRUE,"igd",TRUE,"rs1377290","rs10428504","T","C","T","G","ebi-a-GCST90025996","4",89719368,0.00199405,3.80014e-39,458349,"Waist-to-hip ratio adjusted for BMI || id:ebi-a-GCST90025996",TRUE,"reported","igd",2,1,TRUE
"54","rs143384","G","A","G","A",-0.019219,-3e-04,0.405592,0.327,FALSE,FALSE,FALSE,"ebi-a-GCST005185","20","34005240",0.0032,51750,0.9342,"Fasting blood insulin || id:ebi-a-GCST005185","Fasting blood insulin","Fasting blood insulin ||  || ",TRUE,"igd",TRUE,"rs143384","rs6060402","G","A","T","C","ebi-a-GCST90025996","20",34025756,0.00204056,3.69999e-22,458349,"Waist-to-hip ratio adjusted for BMI || id:ebi-a-GCST90025996",TRUE,"reported","igd",2,1,TRUE
"55","rs1443512","C","A","C","A",-0.0333595,-0.0059,0.780353,0.792,FALSE,FALSE,FALSE,"ebi-a-GCST005185","12","54342684",0.0037,51750,0.1085,"Fasting blood insulin || id:ebi-a-GCST005185","Fasting blood insulin","Fasting blood insulin ||  || ",TRUE,"igd",NA,NA,NA,NA,NA,NA,NA,"ebi-a-GCST90025996","12",54342684,0.00239769,3.29989e-44,458349,"Waist-to-hip ratio adjusted for BMI || id:ebi-a-GCST90025996",TRUE,"reported","igd",2,1,TRUE
"56","rs1445846","C","T","C","T",-0.0115093,-0.0021,0.662738,0.584,FALSE,FALSE,FALSE,"ebi-a-GCST005185","5","178507069",0.0034,51750,0.5362,"Fasting blood insulin || id:ebi-a-GCST005185","Fasting blood insulin","Fasting blood insulin ||  || ",TRUE,"igd",NA,NA,NA,NA,NA,NA,NA,"ebi-a-GCST90025996","5",178507069,0.00211156,3.79997e-08,458349,"Waist-to-hip ratio adjusted for BMI || id:ebi-a-GCST90025996",TRUE,"reported","igd",2,1,TRUE
"57","rs1468566","T","C","T","C",0.0147177,-0.003,0.421641,0.424,FALSE,FALSE,FALSE,"ebi-a-GCST005185","17","59528210",0.0032,51750,0.3399,"Fasting blood insulin || id:ebi-a-GCST005185","Fasting blood insulin","Fasting blood insulin ||  || ",TRUE,"igd",NA,NA,NA,NA,NA,NA,NA,"ebi-a-GCST90025996","17",59528210,0.00201478,1.10002e-12,458349,"Waist-to-hip ratio adjusted for BMI || id:ebi-a-GCST90025996",TRUE,"reported","igd",2,1,TRUE
"58","rs1499813","C","T","C","T",-0.0134792,0.0068,0.413426,0.588,FALSE,FALSE,FALSE,"ebi-a-GCST005185","3","171800256",0.0033,51750,0.0400802,"Fasting blood insulin || id:ebi-a-GCST005185","Fasting blood insulin","Fasting blood insulin ||  || ",TRUE,"igd",TRUE,"rs1499813","rs4894803","C","T","G","A","ebi-a-GCST90025996","3",171760427,0.00202019,5.30029e-11,458349,"Waist-to-hip ratio adjusted for BMI || id:ebi-a-GCST90025996",TRUE,"reported","igd",2,1,TRUE
"59","rs1534696","A","C","A","C",-0.026846,-0.0037,0.541111,0.403,FALSE,FALSE,FALSE,"ebi-a-GCST005185","7","26397239",0.0034,51750,0.2774,"Fasting blood insulin || id:ebi-a-GCST005185","Fasting blood insulin","Fasting blood insulin ||  || ",TRUE,"igd",NA,NA,NA,NA,NA,NA,NA,"ebi-a-GCST90025996","7",26397239,0.00199498,1.99986e-42,458349,"Waist-to-hip ratio adjusted for BMI || id:ebi-a-GCST90025996",TRUE,"reported","igd",2,1,TRUE
"60","rs1601468","A","G","A","G",0.0163283,0.0025,0.137846,0.161,FALSE,FALSE,FALSE,"ebi-a-GCST005185","8","25921494",0.0044,51750,0.5737,"Fasting blood insulin || id:ebi-a-GCST005185","Fasting blood insulin","Fasting blood insulin ||  || ",TRUE,"igd",NA,NA,NA,NA,NA,NA,NA,"ebi-a-GCST90025996","8",25921494,0.00288354,6.69993e-09,458349,"Waist-to-hip ratio adjusted for BMI || id:ebi-a-GCST90025996",TRUE,"reported","igd",2,1,TRUE
"61","rs1605750","A","G","A","G",-0.0224604,-0.0037,0.510724,0.492,FALSE,FALSE,FALSE,"ebi-a-GCST005185","17","68471073",0.0032,51750,0.2406,"Fasting blood insulin || id:ebi-a-GCST005185","Fasting blood insulin","Fasting blood insulin ||  || ",TRUE,"igd",NA,NA,NA,NA,NA,NA,NA,"ebi-a-GCST90025996","17",68471073,0.00198758,3.59998e-31,458349,"Waist-to-hip ratio adjusted for BMI || id:ebi-a-GCST90025996",TRUE,"reported","igd",2,1,TRUE
"62","rs16857751","T","C","T","C",0.0183917,0.0076,0.0972302,0.077,FALSE,FALSE,FALSE,"ebi-a-GCST005185","2","218382258",0.0054,51750,0.1583,"Fasting blood insulin || id:ebi-a-GCST005185","Fasting blood insulin","Fasting blood insulin ||  || ",TRUE,"igd",TRUE,"rs16857751","rs16857748","T","C","T","C","ebi-a-GCST90025996","2",218382456,0.00334775,2.39999e-08,458349,"Waist-to-hip ratio adjusted for BMI || id:ebi-a-GCST90025996",TRUE,"reported","igd",2,1,TRUE
"63","rs16919100","C","T","C","T",0.0150935,-0.01,0.181497,0.823,FALSE,FALSE,FALSE,"ebi-a-GCST005185","8","69578637",0.0045,51750,0.0237099,"Fasting blood insulin || id:ebi-a-GCST005185","Fasting blood insulin","Fasting blood insulin ||  || ",TRUE,"igd",NA,NA,NA,NA,NA,NA,NA,"ebi-a-GCST90025996","8",69578637,0.00258042,4.60002e-09,458349,"Waist-to-hip ratio adjusted for BMI || id:ebi-a-GCST90025996",TRUE,"reported","igd",2,1,TRUE
"64","rs16952251","G","A","G","A",-0.0137196,-0.0066,0.314211,0.746,FALSE,FALSE,FALSE,"ebi-a-GCST005185","16","53481010",0.0035,51750,0.0608597,"Fasting blood insulin || id:ebi-a-GCST005185","Fasting blood insulin","Fasting blood insulin ||  || ",TRUE,"igd",TRUE,"rs16952251","rs17800727","G","A","G","A","ebi-a-GCST90025996","16",53483138,0.00214441,1.80011e-11,458349,"Waist-to-hip ratio adjusted for BMI || id:ebi-a-GCST90025996",TRUE,"reported","igd",2,1,TRUE
"65","rs17033861","A","G","A","G",0.0197208,0.0047,0.201405,0.179,FALSE,FALSE,FALSE,"ebi-a-GCST005185","2","67828078",0.004,51750,0.2448,"Fasting blood insulin || id:ebi-a-GCST005185","Fasting blood insulin","Fasting blood insulin ||  || ",TRUE,"igd",NA,NA,NA,NA,NA,NA,NA,"ebi-a-GCST90025996","2",67828078,0.00247662,8.30042e-16,458349,"Waist-to-hip ratio adjusted for BMI || id:ebi-a-GCST90025996",TRUE,"reported","igd",2,1,TRUE
"66","rs1727956","A","G","A","G",-0.0126863,0.0013,0.727096,0.717,FALSE,FALSE,FALSE,"ebi-a-GCST005185","3","153868166",0.0036,51750,0.708,"Fasting blood insulin || id:ebi-a-GCST005185","Fasting blood insulin","Fasting blood insulin ||  || ",TRUE,"igd",TRUE,"rs1727956","rs1713818","G","A","A","G","ebi-a-GCST90025996","3",153870511,0.00225088,1.09999e-08,458349,"Waist-to-hip ratio adjusted for BMI || id:ebi-a-GCST90025996",TRUE,"reported","igd",2,1,TRUE
"67","rs1749824","A","C","A","C",-0.0175009,0.0059,0.43267,0.478,FALSE,FALSE,FALSE,"ebi-a-GCST005185","10","80923862",0.0032,51750,0.0642007,"Fasting blood insulin || id:ebi-a-GCST005185","Fasting blood insulin","Fasting blood insulin ||  || ",TRUE,"igd",NA,NA,NA,NA,NA,NA,NA,"ebi-a-GCST90025996","10",80923862,0.00200774,3.80014e-19,458349,"Waist-to-hip ratio adjusted for BMI || id:ebi-a-GCST90025996",TRUE,"reported","igd",2,1,TRUE
"68","rs1757471","T","C","T","C",0.0147571,0.003,0.502325,0.465,FALSE,FALSE,FALSE,"ebi-a-GCST005185","10","34168090",0.0032,51750,0.3597,"Fasting blood insulin || id:ebi-a-GCST005185","Fasting blood insulin","Fasting blood insulin ||  || ",TRUE,"igd",NA,NA,NA,NA,NA,NA,NA,"ebi-a-GCST90025996","10",34168090,0.0019891,1.29987e-13,458349,"Waist-to-hip ratio adjusted for BMI || id:ebi-a-GCST90025996",TRUE,"reported","igd",2,1,TRUE
"69","rs17597176","T","C","T","C",0.0202201,0.0019,0.0827872,0.097,FALSE,FALSE,FALSE,"ebi-a-GCST005185","10","122816108",0.0059,51750,0.749401,"Fasting blood insulin || id:ebi-a-GCST005185","Fasting blood insulin","Fasting blood insulin ||  || ",TRUE,"igd",NA,NA,NA,NA,NA,NA,NA,"ebi-a-GCST90025996","10",122816108,0.00361197,1.29999e-08,458349,"Waist-to-hip ratio adjusted for BMI || id:ebi-a-GCST90025996",TRUE,"reported","igd",2,1,TRUE
"70","rs17631629","T","C","T","C",0.0199781,-0.0078,0.111673,0.15,FALSE,FALSE,FALSE,"ebi-a-GCST005185","5","158030622",0.0047,51750,0.0960705,"Fasting blood insulin || id:ebi-a-GCST005185","Fasting blood insulin","Fasting blood insulin ||  || ",TRUE,"igd",NA,NA,NA,NA,NA,NA,NA,"ebi-a-GCST90025996","5",158030622,0.00315146,2.80027e-11,458349,"Waist-to-hip ratio adjusted for BMI || id:ebi-a-GCST90025996",TRUE,"reported","igd",2,1,TRUE
"71","rs1805741","T","C","T","C",-0.0183328,0.004,0.710719,0.292,FALSE,FALSE,FALSE,"ebi-a-GCST005185","12","9074259",0.0034,51750,0.2483,"Fasting blood insulin || id:ebi-a-GCST005185","Fasting blood insulin","Fasting blood insulin ||  || ",TRUE,"igd",NA,NA,NA,NA,NA,NA,NA,"ebi-a-GCST90025996","12",9074259,0.00221416,4.70002e-17,458349,"Waist-to-hip ratio adjusted for BMI || id:ebi-a-GCST90025996",TRUE,"reported","igd",2,1,TRUE
"72","rs2000339","A","G","A","G",-0.0199465,-0.0013,0.50535,0.467,FALSE,FALSE,FALSE,"ebi-a-GCST005185","20","51707666",0.0032,51750,0.6924,"Fasting blood insulin || id:ebi-a-GCST005185","Fasting blood insulin","Fasting blood insulin ||  || ",TRUE,"igd",TRUE,"rs2000339","rs2747399","G","A","G","A","ebi-a-GCST90025996","20",51711013,0.00199434,7.89951e-23,458349,"Waist-to-hip ratio adjusted for BMI || id:ebi-a-GCST90025996",TRUE,"reported","igd",2,1,TRUE
"73","rs2008843","C","T","C","T",-0.0141667,-0.0051,0.218521,0.783,FALSE,FALSE,FALSE,"ebi-a-GCST005185","21","16534968",0.0037,51750,0.1691,"Fasting blood insulin || id:ebi-a-GCST005185","Fasting blood insulin","Fasting blood insulin ||  || ",TRUE,"igd",NA,NA,NA,NA,NA,NA,NA,"ebi-a-GCST90025996","21",16534968,0.00241194,7.69999e-09,458349,"Waist-to-hip ratio adjusted for BMI || id:ebi-a-GCST90025996",TRUE,"reported","igd",2,1,TRUE
"74","rs2039956","A","C","A","C",0.0168169,0.0078,0.293679,0.305,FALSE,FALSE,FALSE,"ebi-a-GCST005185","1","221344529",0.0035,51750,0.02476,"Fasting blood insulin || id:ebi-a-GCST005185","Fasting blood insulin","Fasting blood insulin ||  || ",TRUE,"igd",NA,NA,NA,NA,NA,NA,NA,"ebi-a-GCST90025996","1",221344529,0.0021752,7.00003e-14,458349,"Waist-to-hip ratio adjusted for BMI || id:ebi-a-GCST90025996",TRUE,"reported","igd",2,1,TRUE
"75","rs2047936","G","A","G","A",-0.0156966,-0.0015,0.514222,0.478,FALSE,FALSE,FALSE,"ebi-a-GCST005185","16","49864791",0.0032,51750,0.6295,"Fasting blood insulin || id:ebi-a-GCST005185","Fasting blood insulin","Fasting blood insulin ||  || ",TRUE,"igd",TRUE,"rs2047936","rs2047937","A","G","C","T","ebi-a-GCST90025996","16",49864807,0.00199216,5.00035e-16,458349,"Waist-to-hip ratio adjusted for BMI || id:ebi-a-GCST90025996",TRUE,"reported","igd",2,1,TRUE
"76","rs2048508","C","T","C","T",0.0200193,0.0028,0.175649,0.795,FALSE,FALSE,FALSE,"ebi-a-GCST005185","4","26079994",0.0043,51750,0.513701,"Fasting blood insulin || id:ebi-a-GCST005185","Fasting blood insulin","Fasting blood insulin ||  || ",TRUE,"igd",NA,NA,NA,NA,NA,NA,NA,"ebi-a-GCST90025996","4",26079994,0.00261295,3.40017e-14,458349,"Waist-to-hip ratio adjusted for BMI || id:ebi-a-GCST90025996",TRUE,"reported","igd",2,1,TRUE
"77","rs2073267","G","A","G","A",0.0270392,0.0061,0.172639,0.841,FALSE,FALSE,FALSE,"ebi-a-GCST005185","6","100615652",0.0043,51750,0.1571,"Fasting blood insulin || id:ebi-a-GCST005185","Fasting blood insulin","Fasting blood insulin ||  || ",TRUE,"igd",NA,NA,NA,NA,NA,NA,NA,"ebi-a-GCST90025996","6",100615652,0.00262938,8.60003e-26,458349,"Waist-to-hip ratio adjusted for BMI || id:ebi-a-GCST90025996",TRUE,"reported","igd",2,1,TRUE
"78","rs2145272","A","G","A","G",-0.0253478,-0.0017,0.635275,0.438,FALSE,FALSE,FALSE,"ebi-a-GCST005185","20","6626218",0.0034,51750,0.6173,"Fasting blood insulin || id:ebi-a-GCST005185","Fasting blood insulin","Fasting blood insulin ||  || ",TRUE,"igd",NA,NA,NA,NA,NA,NA,NA,"ebi-a-GCST90025996","20",6626218,0.00207,4.19952e-36,458349,"Waist-to-hip ratio adjusted for BMI || id:ebi-a-GCST90025996",TRUE,"reported","igd",2,1,TRUE
"79","rs2240463","T","C","T","C",0.0156213,0.001,0.343097,0.258,FALSE,FALSE,FALSE,"ebi-a-GCST005185","7","104844328",0.0033,51750,0.757501,"Fasting blood insulin || id:ebi-a-GCST005185","Fasting blood insulin","Fasting blood insulin ||  || ",TRUE,"igd",NA,NA,NA,NA,NA,NA,NA,"ebi-a-GCST90025996","7",104844328,0.00210547,3.90032e-13,458349,"Waist-to-hip ratio adjusted for BMI || id:ebi-a-GCST90025996",TRUE,"reported","igd",2,1,TRUE
"80","rs2242416","G","A","G","A",-0.0154775,-2e-04,0.604127,0.597,FALSE,FALSE,FALSE,"ebi-a-GCST005185","6","43273604",0.0032,51750,0.9433,"Fasting blood insulin || id:ebi-a-GCST005185","Fasting blood insulin","Fasting blood insulin ||  || ",TRUE,"igd",NA,NA,NA,NA,NA,NA,NA,"ebi-a-GCST90025996","6",43273604,0.0020478,7.19946e-15,458349,"Waist-to-hip ratio adjusted for BMI || id:ebi-a-GCST90025996",TRUE,"reported","igd",2,1,TRUE
"81","rs2271384","A","G","A","G",-0.0164369,9e-04,0.601341,0.442,FALSE,FALSE,FALSE,"ebi-a-GCST005185","4","26300494",0.0033,51750,0.7752,"Fasting blood insulin || id:ebi-a-GCST005185","Fasting blood insulin","Fasting blood insulin ||  || ",TRUE,"igd",NA,NA,NA,NA,NA,NA,NA,"ebi-a-GCST90025996","4",26300494,0.00203108,7.39946e-16,458349,"Waist-to-hip ratio adjusted for BMI || id:ebi-a-GCST90025996",TRUE,"reported","igd",2,1,TRUE
"84","rs227731","G","T","G","T",0.0105449,0.0023,0.456584,0.509,FALSE,FALSE,FALSE,"ebi-a-GCST005185","17","54773238",0.0033,51750,0.4841,"Fasting blood insulin || id:ebi-a-GCST005185","Fasting blood insulin","Fasting blood insulin ||  || ",TRUE,"igd",NA,NA,NA,NA,NA,NA,NA,"ebi-a-GCST90025996","17",54773238,0.00199729,4.20001e-08,458349,"Waist-to-hip ratio adjusted for BMI || id:ebi-a-GCST90025996",TRUE,"reported","igd",2,1,TRUE
"85","rs2289790","C","T","C","T",-0.0161136,0.0017,0.239165,0.237,FALSE,FALSE,FALSE,"ebi-a-GCST005185","15","67476768",0.0038,51750,0.6536,"Fasting blood insulin || id:ebi-a-GCST005185","Fasting blood insulin","Fasting blood insulin ||  || ",TRUE,"igd",TRUE,"rs2289790","rs7181556","C","T","T","C","ebi-a-GCST90025996","15",67476970,0.00235361,1.59993e-12,458349,"Waist-to-hip ratio adjusted for BMI || id:ebi-a-GCST90025996",TRUE,"reported","igd",2,1,TRUE
"86","rs2292137","G","C","G","C",0.0175496,-0.012,0.354832,0.417,FALSE,TRUE,FALSE,"ebi-a-GCST005185","12","123339358",0.0045,51750,0.00774301,"Fasting blood insulin || id:ebi-a-GCST005185","Fasting blood insulin","Fasting blood insulin ||  || ",TRUE,"igd",NA,NA,NA,NA,NA,NA,NA,"ebi-a-GCST90025996","12",123339358,0.00214153,2.60016e-17,458349,"Waist-to-hip ratio adjusted for BMI || id:ebi-a-GCST90025996",TRUE,"reported","igd",2,1,TRUE
"87","rs2294239","G","A","G","A",-0.0247713,-0.0026,0.41232,0.605,FALSE,FALSE,FALSE,"ebi-a-GCST005185","22","29449477",0.0033,51750,0.4257,"Fasting blood insulin || id:ebi-a-GCST005185","Fasting blood insulin","Fasting blood insulin ||  || ",TRUE,"igd",NA,NA,NA,NA,NA,NA,NA,"ebi-a-GCST90025996","22",29449477,0.00207313,4.30031e-32,458349,"Waist-to-hip ratio adjusted for BMI || id:ebi-a-GCST90025996",TRUE,"reported","igd",2,1,TRUE
"88","rs2298632","T","C","T","C",-0.015731,-0.0053,0.497671,0.496,FALSE,FALSE,FALSE,"ebi-a-GCST005185","1","23710475",0.0033,51750,0.1024,"Fasting blood insulin || id:ebi-a-GCST005185","Fasting blood insulin","Fasting blood insulin ||  || ",TRUE,"igd",NA,NA,NA,NA,NA,NA,NA,"ebi-a-GCST90025996","1",23710475,0.00200341,4.79954e-15,458349,"Waist-to-hip ratio adjusted for BMI || id:ebi-a-GCST90025996",TRUE,"reported","igd",2,1,TRUE
"89","rs2304429","T","C","T","C",-0.0139591,-4e-04,0.584281,0.434,FALSE,FALSE,FALSE,"ebi-a-GCST005185","2","25458546",0.0032,51750,0.8903,"Fasting blood insulin || id:ebi-a-GCST005185","Fasting blood insulin","Fasting blood insulin ||  || ",TRUE,"igd",NA,NA,NA,NA,NA,NA,NA,"ebi-a-GCST90025996","2",25458546,0.00203446,2.29985e-12,458349,"Waist-to-hip ratio adjusted for BMI || id:ebi-a-GCST90025996",TRUE,"reported","igd",2,1,TRUE
"90","rs2414095","G","A","G","A",-0.0150555,-0.0095,0.649309,0.686,FALSE,FALSE,FALSE,"ebi-a-GCST005185","15","51524292",0.0032,51750,0.00340298,"Fasting blood insulin || id:ebi-a-GCST005185","Fasting blood insulin","Fasting blood insulin ||  || ",TRUE,"igd",NA,NA,NA,NA,NA,NA,NA,"ebi-a-GCST90025996","15",51524292,0.00208663,2.70023e-14,458349,"Waist-to-hip ratio adjusted for BMI || id:ebi-a-GCST90025996",TRUE,"reported","igd",2,1,TRUE
"91","rs2459337","C","G","C","G",-0.0176158,0.0032,0.78659,0.788,FALSE,TRUE,FALSE,"ebi-a-GCST005185","2","13108712",0.0038,51750,0.3874,"Fasting blood insulin || id:ebi-a-GCST005185","Fasting blood insulin","Fasting blood insulin ||  || ",TRUE,"igd",NA,NA,NA,NA,NA,NA,NA,"ebi-a-GCST90025996","2",13108712,0.00242044,2.90001e-13,458349,"Waist-to-hip ratio adjusted for BMI || id:ebi-a-GCST90025996",TRUE,"reported","igd",2,1,TRUE
"92","rs250303","G","A","G","A",0.017323,0.0038,0.296175,0.655,FALSE,FALSE,FALSE,"ebi-a-GCST005185","5","118677093",0.0036,51750,0.2934,"Fasting blood insulin || id:ebi-a-GCST005185","Fasting blood insulin","Fasting blood insulin ||  || ",TRUE,"igd",NA,NA,NA,NA,NA,NA,NA,"ebi-a-GCST90025996","5",118677093,0.0021738,1.80011e-15,458349,"Waist-to-hip ratio adjusted for BMI || id:ebi-a-GCST90025996",TRUE,"reported","igd",2,1,TRUE
"93","rs2509902","C","T","C","T",0.0200535,0.0035,0.858426,0.854,FALSE,FALSE,FALSE,"ebi-a-GCST005185","2","158514969",0.012,51750,0.771699,"Fasting blood insulin || id:ebi-a-GCST005185","Fasting blood insulin","Fasting blood insulin ||  || ",TRUE,"igd",NA,NA,NA,NA,NA,NA,NA,"ebi-a-GCST90025996","2",158514969,0.00284218,2.60016e-12,458349,"Waist-to-hip ratio adjusted for BMI || id:ebi-a-GCST90025996",TRUE,"reported","igd",2,1,TRUE
"94","rs2509957","A","C","A","C",0.0183555,-0.0011,0.745015,0.711,FALSE,FALSE,FALSE,"ebi-a-GCST005185","11","62192931",0.0036,51750,0.766,"Fasting blood insulin || id:ebi-a-GCST005185","Fasting blood insulin","Fasting blood insulin ||  || ",TRUE,"igd",TRUE,"rs2509957","rs2509963","C","A","T","C","ebi-a-GCST90025996","11",62194412,0.0022765,2.09991e-16,458349,"Waist-to-hip ratio adjusted for BMI || id:ebi-a-GCST90025996",TRUE,"reported","igd",2,1,TRUE
"95","rs2526882","A","G","A","G",0.0119075,0.0071,0.660536,0.317,FALSE,FALSE,FALSE,"ebi-a-GCST005185","14","71381219",0.0033,51750,0.0304201,"Fasting blood insulin || id:ebi-a-GCST005185","Fasting blood insulin","Fasting blood insulin ||  || ",TRUE,"igd",TRUE,"rs2526882","rs2526874","G","A","G","A","ebi-a-GCST90025996","14",71374702,0.0021214,3.29997e-09,458349,"Waist-to-hip ratio adjusted for BMI || id:ebi-a-GCST90025996",TRUE,"reported","igd",2,1,TRUE
"96","rs2605110","T","C","T","C",0.0366572,0.015,0.671975,0.312,FALSE,FALSE,FALSE,"ebi-a-GCST005185","1","219654392",0.0033,51750,1.196e-05,"Fasting blood insulin || id:ebi-a-GCST005185","Fasting blood insulin","Fasting blood insulin ||  || ",TRUE,"igd",NA,NA,NA,NA,NA,NA,NA,"ebi-a-GCST90025996","1",219654392,0.00211101,1.50003e-68,458349,"Waist-to-hip ratio adjusted for BMI || id:ebi-a-GCST90025996",TRUE,"reported","igd",2,1,TRUE
"97","rs2629046","C","T","C","T",-0.0111891,0.0068,0.455334,0.55,FALSE,FALSE,FALSE,"ebi-a-GCST005185","2","225047744",0.0031,51750,0.02939,"Fasting blood insulin || id:ebi-a-GCST005185","Fasting blood insulin","Fasting blood insulin ||  || ",TRUE,"igd",NA,NA,NA,NA,NA,NA,NA,"ebi-a-GCST90025996","2",225047744,0.00199038,1.89998e-08,458349,"Waist-to-hip ratio adjusted for BMI || id:ebi-a-GCST90025996",TRUE,"reported","igd",2,1,TRUE
"98","rs2654980","T","C","T","C",0.0141039,-0.0038,0.24758,0.221,FALSE,FALSE,FALSE,"ebi-a-GCST005185","15","99504843",0.0037,51750,0.2996,"Fasting blood insulin || id:ebi-a-GCST005185","Fasting blood insulin","Fasting blood insulin ||  || ",TRUE,"igd",NA,NA,NA,NA,NA,NA,NA,"ebi-a-GCST90025996","15",99504843,0.00230736,2.59998e-10,458349,"Waist-to-hip ratio adjusted for BMI || id:ebi-a-GCST90025996",TRUE,"reported","igd",2,1,TRUE
"99","rs267567","A","G","A","G",0.0110553,6e-04,0.467693,0.496,FALSE,FALSE,FALSE,"ebi-a-GCST005185","3","37574024",0.0031,51750,0.8611,"Fasting blood insulin || id:ebi-a-GCST005185","Fasting blood insulin","Fasting blood insulin ||  || ",TRUE,"igd",NA,NA,NA,NA,NA,NA,NA,"ebi-a-GCST90025996","3",37574024,0.00198916,8.10009e-09,458349,"Waist-to-hip ratio adjusted for BMI || id:ebi-a-GCST90025996",TRUE,"reported","igd",2,1,TRUE
"100","rs2695152","G","A","G","A",0.0132669,-6e-04,0.326961,0.683,FALSE,FALSE,FALSE,"ebi-a-GCST005185","12","77927796",0.0034,51750,0.8625,"Fasting blood insulin || id:ebi-a-GCST005185","Fasting blood insulin","Fasting blood insulin ||  || ",TRUE,"igd",NA,NA,NA,NA,NA,NA,NA,"ebi-a-GCST90025996","12",77927796,0.00211794,8.30042e-11,458349,"Waist-to-hip ratio adjusted for BMI || id:ebi-a-GCST90025996",TRUE,"reported","igd",2,1,TRUE
"101","rs2864436","C","T","C","T",0.0126986,2e-04,0.244804,0.75,FALSE,FALSE,FALSE,"ebi-a-GCST005185","19","55986637",0.0042,51750,0.9534,"Fasting blood insulin || id:ebi-a-GCST005185","Fasting blood insulin","Fasting blood insulin ||  || ",TRUE,"igd",NA,NA,NA,NA,NA,NA,NA,"ebi-a-GCST90025996","19",55986637,0.00231714,1.7e-08,458349,"Waist-to-hip ratio adjusted for BMI || id:ebi-a-GCST90025996",TRUE,"reported","igd",2,1,TRUE
"102","rs2925979","C","T","C","T",-0.0265204,-0.0037,0.699973,0.695,FALSE,FALSE,FALSE,"ebi-a-GCST005185","16","81534790",0.0035,51750,0.2943,"Fasting blood insulin || id:ebi-a-GCST005185","Fasting blood insulin","Fasting blood insulin ||  || ",TRUE,"igd",NA,NA,NA,NA,NA,NA,NA,"ebi-a-GCST90025996","16",81534790,0.00217493,8.60003e-35,458349,"Waist-to-hip ratio adjusted for BMI || id:ebi-a-GCST90025996",TRUE,"reported","igd",2,1,TRUE
"103","rs293101","T","C","T","C",-0.0113504,-0.0025,0.59916,0.385,FALSE,FALSE,FALSE,"ebi-a-GCST005185","5","4582220",0.0033,51750,0.4581,"Fasting blood insulin || id:ebi-a-GCST005185","Fasting blood insulin","Fasting blood insulin ||  || ",TRUE,"igd",NA,NA,NA,NA,NA,NA,NA,"ebi-a-GCST90025996","5",4582220,0.0020304,1.79999e-08,458349,"Waist-to-hip ratio adjusted for BMI || id:ebi-a-GCST90025996",TRUE,"reported","igd",2,1,TRUE
"104","rs299615","A","G","A","G",-0.0164059,-0.0037,0.157288,0.164,FALSE,FALSE,FALSE,"ebi-a-GCST005185","5","34042097",0.0044,51750,0.4054,"Fasting blood insulin || id:ebi-a-GCST005185","Fasting blood insulin","Fasting blood insulin ||  || ",TRUE,"igd",NA,NA,NA,NA,NA,NA,NA,"ebi-a-GCST90025996","5",34042097,0.00272823,8.50002e-10,458349,"Waist-to-hip ratio adjusted for BMI || id:ebi-a-GCST90025996",TRUE,"reported","igd",2,1,TRUE
"105","rs3110697","G","A","G","A",-0.0121951,-9e-04,0.577723,0.527,FALSE,FALSE,FALSE,"ebi-a-GCST005185","7","45955029",0.0032,51750,0.766,"Fasting blood insulin || id:ebi-a-GCST005185","Fasting blood insulin","Fasting blood insulin ||  || ",TRUE,"igd",NA,NA,NA,NA,NA,NA,NA,"ebi-a-GCST90025996","7",45955029,0.00201649,1.40001e-09,458349,"Waist-to-hip ratio adjusted for BMI || id:ebi-a-GCST90025996",TRUE,"reported","igd",2,1,TRUE
"106","rs333507","A","G","A","G",-0.0143928,-0.0032,0.714684,0.319,FALSE,FALSE,FALSE,"ebi-a-GCST005185","3","78840953",0.0048,51750,0.5043,"Fasting blood insulin || id:ebi-a-GCST005185","Fasting blood insulin","Fasting blood insulin ||  || ",TRUE,"igd",NA,NA,NA,NA,NA,NA,NA,"ebi-a-GCST90025996","3",78840953,0.00219788,8.30042e-11,458349,"Waist-to-hip ratio adjusted for BMI || id:ebi-a-GCST90025996",TRUE,"reported","igd",2,1,TRUE
"107","rs34005","A","G","A","G",-0.011781,-8e-04,0.436,0.429,FALSE,FALSE,FALSE,"ebi-a-GCST005185","5","141976945",0.0034,51750,0.8205,"Fasting blood insulin || id:ebi-a-GCST005185","Fasting blood insulin","Fasting blood insulin ||  || ",TRUE,"igd",NA,NA,NA,NA,NA,NA,NA,"ebi-a-GCST90025996","5",141976945,0.00200147,3.59998e-09,458349,"Waist-to-hip ratio adjusted for BMI || id:ebi-a-GCST90025996",TRUE,"reported","igd",2,1,TRUE
"108","rs34312154","A","G","A","G",0.0199406,0.0011,0.10899,0.133,FALSE,FALSE,FALSE,"ebi-a-GCST005185","11","47464519",0.0042,51750,0.7958,"Fasting blood insulin || id:ebi-a-GCST005185","Fasting blood insulin","Fasting blood insulin ||  || ",TRUE,"igd",TRUE,"rs34312154","rs3847503","A","G","A","G","ebi-a-GCST90025996","11",47470345,0.0031961,1.29999e-10,458349,"Waist-to-hip ratio adjusted for BMI || id:ebi-a-GCST90025996",TRUE,"reported","igd",2,1,TRUE
"109","rs34402524","G","T","G","T",-0.0194842,-0.02,0.122937,0.875,FALSE,FALSE,FALSE,"ebi-a-GCST005185","4","106196829",0.0072,51750,0.00622902,"Fasting blood insulin || id:ebi-a-GCST005185","Fasting blood insulin","Fasting blood insulin ||  || ",TRUE,"igd",NA,NA,NA,NA,NA,NA,NA,"ebi-a-GCST90025996","4",106196829,0.0030458,8.60003e-11,458349,"Waist-to-hip ratio adjusted for BMI || id:ebi-a-GCST90025996",TRUE,"reported","igd",2,1,TRUE
"110","rs35368205","T","C","T","C",-0.0247085,0.0042,0.197942,0.186,FALSE,FALSE,FALSE,"ebi-a-GCST005185","7","73007943",0.004,51750,0.3017,"Fasting blood insulin || id:ebi-a-GCST005185","Fasting blood insulin","Fasting blood insulin ||  || ",TRUE,"igd",TRUE,"rs35368205","rs1051921","T","C","A","G","ebi-a-GCST90025996","7",73017657,0.00249361,4.49987e-24,458349,"Waist-to-hip ratio adjusted for BMI || id:ebi-a-GCST90025996",TRUE,"reported","igd",2,1,TRUE
"111","rs35759537","T","C","T","C",-0.0132051,0.0046,0.194948,0.819,FALSE,FALSE,FALSE,"ebi-a-GCST005185","14","23746269",0.0047,51750,0.3296,"Fasting blood insulin || id:ebi-a-GCST005185","Fasting blood insulin","Fasting blood insulin ||  || ",TRUE,"igd",TRUE,"rs35759537","rs1057119","T","C","G","C","ebi-a-GCST90025996","14",23749037,0.00251174,1.79999e-08,458349,"Waist-to-hip ratio adjusted for BMI || id:ebi-a-GCST90025996",TRUE,"reported","igd",2,1,TRUE
"112","rs35772466","T","C","T","C",-0.0193403,-0.0047,0.493887,0.441,FALSE,FALSE,FALSE,"ebi-a-GCST005185","6","127145083",0.0031,51750,0.1298,"Fasting blood insulin || id:ebi-a-GCST005185","Fasting blood insulin","Fasting blood insulin ||  || ",TRUE,"igd",TRUE,"rs35772466","rs6908014","T","C","T","C","ebi-a-GCST90025996","6",127141068,0.0019836,4.70002e-23,458349,"Waist-to-hip ratio adjusted for BMI || id:ebi-a-GCST90025996",TRUE,"reported","igd",2,1,TRUE
"113","rs366187","A","G","A","G",0.0148343,-0.0057,0.402538,0.434,FALSE,FALSE,FALSE,"ebi-a-GCST005185","1","86265259",0.0032,51750,0.0748307,"Fasting blood insulin || id:ebi-a-GCST005185","Fasting blood insulin","Fasting blood insulin ||  || ",TRUE,"igd",NA,NA,NA,NA,NA,NA,NA,"ebi-a-GCST90025996","1",86265259,0.00201959,4.90004e-14,458349,"Waist-to-hip ratio adjusted for BMI || id:ebi-a-GCST90025996",TRUE,"reported","igd",2,1,TRUE
"114","rs3732083","C","T","C","T",0.014327,0.0021,0.43,0.611,FALSE,FALSE,FALSE,"ebi-a-GCST005185","2","207041053",0.0031,51750,0.5096,"Fasting blood insulin || id:ebi-a-GCST005185","Fasting blood insulin","Fasting blood insulin ||  || ",TRUE,"igd",NA,NA,NA,NA,NA,NA,NA,"ebi-a-GCST90025996","2",207041053,0.00201616,7.8001e-13,458349,"Waist-to-hip ratio adjusted for BMI || id:ebi-a-GCST90025996",TRUE,"reported","igd",2,1,TRUE
"115","rs3745348","T","C","T","C",0.0157646,0.0027,0.29367,0.265,FALSE,FALSE,FALSE,"ebi-a-GCST005185","19","17212410",0.0035,51750,0.44,"Fasting blood insulin || id:ebi-a-GCST005185","Fasting blood insulin","Fasting blood insulin ||  || ",TRUE,"igd",NA,NA,NA,NA,NA,NA,NA,"ebi-a-GCST90025996","19",17212410,0.00218717,9.49948e-14,458349,"Waist-to-hip ratio adjusted for BMI || id:ebi-a-GCST90025996",TRUE,"reported","igd",2,1,TRUE
"116","rs3764002","T","C","T","C",-0.0171134,-5e-04,0.261007,0.257,FALSE,FALSE,FALSE,"ebi-a-GCST005185","12","108618630",0.0038,51750,0.8867,"Fasting blood insulin || id:ebi-a-GCST005185","Fasting blood insulin","Fasting blood insulin ||  || ",TRUE,"igd",NA,NA,NA,NA,NA,NA,NA,"ebi-a-GCST90025996","12",108618630,0.00228065,4.19952e-14,458349,"Waist-to-hip ratio adjusted for BMI || id:ebi-a-GCST90025996",TRUE,"reported","igd",2,1,TRUE
"117","rs3771084","G","A","G","A",0.0203044,0.0034,0.557977,0.597,FALSE,FALSE,FALSE,"ebi-a-GCST005185","2","188243633",0.0032,51750,0.2878,"Fasting blood insulin || id:ebi-a-GCST005185","Fasting blood insulin","Fasting blood insulin ||  || ",TRUE,"igd",NA,NA,NA,NA,NA,NA,NA,"ebi-a-GCST90025996","2",188243633,0.00202393,3.19963e-23,458349,"Waist-to-hip ratio adjusted for BMI || id:ebi-a-GCST90025996",TRUE,"reported","igd",2,1,TRUE
"118","rs3792752","G","A","G","A",0.0143275,0.0097,0.258278,0.757,FALSE,FALSE,FALSE,"ebi-a-GCST005185","5","32768634",0.0036,51750,0.00734903,"Fasting blood insulin || id:ebi-a-GCST005185","Fasting blood insulin","Fasting blood insulin ||  || ",TRUE,"igd",NA,NA,NA,NA,NA,NA,NA,"ebi-a-GCST90025996","5",32768634,0.00226882,4.70002e-11,458349,"Waist-to-hip ratio adjusted for BMI || id:ebi-a-GCST90025996",TRUE,"reported","igd",2,1,TRUE
"119","rs3807947","G","T","G","T",-0.0134256,-0.0043,0.394935,0.585,FALSE,FALSE,FALSE,"ebi-a-GCST005185","7","20424889",0.0032,51750,0.177,"Fasting blood insulin || id:ebi-a-GCST005185","Fasting blood insulin","Fasting blood insulin ||  || ",TRUE,"igd",NA,NA,NA,NA,NA,NA,NA,"ebi-a-GCST90025996","7",20424889,0.00203431,9.3994e-11,458349,"Waist-to-hip ratio adjusted for BMI || id:ebi-a-GCST90025996",TRUE,"reported","igd",2,1,TRUE
"120","rs3808782","T","C","T","C",-0.0201905,0.013,0.0849326,0.098,FALSE,FALSE,FALSE,"ebi-a-GCST005185","9","17340864",0.0061,51750,0.0408,"Fasting blood insulin || id:ebi-a-GCST005185","Fasting blood insulin","Fasting blood insulin ||  || ",TRUE,"igd",NA,NA,NA,NA,NA,NA,NA,"ebi-a-GCST90025996","9",17340864,0.00357501,9.69996e-09,458349,"Waist-to-hip ratio adjusted for BMI || id:ebi-a-GCST90025996",TRUE,"reported","igd",2,1,TRUE
"121","rs3848370","C","G","C","G",-0.0153385,-0.005,0.234274,0.173,FALSE,TRUE,FALSE,"ebi-a-GCST005185","16","4360314",0.0048,51750,0.2945,"Fasting blood insulin || id:ebi-a-GCST005185","Fasting blood insulin","Fasting blood insulin ||  || ",TRUE,"igd",NA,NA,NA,NA,NA,NA,NA,"ebi-a-GCST90025996","16",4360314,0.00235344,2.70023e-11,458349,"Waist-to-hip ratio adjusted for BMI || id:ebi-a-GCST90025996",TRUE,"reported","igd",2,1,TRUE
"122","rs3851294","G","A","G","A",0.0237595,0.0046,0.904934,0.889,FALSE,FALSE,FALSE,"ebi-a-GCST005185","1","205130413",0.0055,51750,0.4039,"Fasting blood insulin || id:ebi-a-GCST005185","Fasting blood insulin","Fasting blood insulin ||  || ",TRUE,"igd",NA,NA,NA,NA,NA,NA,NA,"ebi-a-GCST90025996","1",205130413,0.00343617,4.40048e-12,458349,"Waist-to-hip ratio adjusted for BMI || id:ebi-a-GCST90025996",TRUE,"reported","igd",2,1,TRUE
"123","rs388781","C","T","C","T",0.0140472,7e-04,0.385979,0.562,FALSE,FALSE,FALSE,"ebi-a-GCST005185","7","101721855",0.0034,51750,0.8375,"Fasting blood insulin || id:ebi-a-GCST005185","Fasting blood insulin","Fasting blood insulin ||  || ",TRUE,"igd",NA,NA,NA,NA,NA,NA,NA,"ebi-a-GCST90025996","7",101721855,0.00204158,5.00035e-12,458349,"Waist-to-hip ratio adjusted for BMI || id:ebi-a-GCST90025996",TRUE,"reported","igd",2,1,TRUE
"124","rs3898451","A","C","A","C",-0.0136484,-0.002,0.661605,0.288,FALSE,FALSE,FALSE,"ebi-a-GCST005185","5","54873285",0.0034,51750,0.558399,"Fasting blood insulin || id:ebi-a-GCST005185","Fasting blood insulin","Fasting blood insulin ||  || ",TRUE,"igd",TRUE,"rs3898451","rs10940473","C","A","C","T","ebi-a-GCST90025996","5",54875243,0.00210134,2.49977e-11,458349,"Waist-to-hip ratio adjusted for BMI || id:ebi-a-GCST90025996",TRUE,"reported","igd",2,1,TRUE
"125","rs4132228","T","C","T","C",-0.0384319,-0.0049,0.289003,0.239,FALSE,FALSE,FALSE,"ebi-a-GCST005185","3","64708114",0.0035,51750,0.1587,"Fasting blood insulin || id:ebi-a-GCST005185","Fasting blood insulin","Fasting blood insulin ||  || ",TRUE,"igd",NA,NA,NA,NA,NA,NA,NA,"ebi-a-GCST90025996","3",64708114,0.00219266,7.19946e-70,458349,"Waist-to-hip ratio adjusted for BMI || id:ebi-a-GCST90025996",TRUE,"reported","igd",2,1,TRUE
"126","rs4321376","T","C","T","C",0.0156839,-0.0012,0.214419,0.774,FALSE,FALSE,FALSE,"ebi-a-GCST005185","2","114517748",0.0036,51750,0.7363,"Fasting blood insulin || id:ebi-a-GCST005185","Fasting blood insulin","Fasting blood insulin ||  || ",TRUE,"igd",TRUE,"rs4321376","rs4372913","T","C","G","A","ebi-a-GCST90025996","2",114513901,0.00242427,1.59993e-11,458349,"Waist-to-hip ratio adjusted for BMI || id:ebi-a-GCST90025996",TRUE,"reported","igd",2,1,TRUE
"127","rs4397735","A","G","A","G",-0.0223287,-0.0038,0.116633,0.111,FALSE,FALSE,FALSE,"ebi-a-GCST005185","10","4965543",0.0048,51750,0.4225,"Fasting blood insulin || id:ebi-a-GCST005185","Fasting blood insulin","Fasting blood insulin ||  || ",TRUE,"igd",NA,NA,NA,NA,NA,NA,NA,"ebi-a-GCST90025996","10",4965543,0.00310846,4.19952e-13,458349,"Waist-to-hip ratio adjusted for BMI || id:ebi-a-GCST90025996",TRUE,"reported","igd",2,1,TRUE
"128","rs4450871","G","A","G","A",-0.0172266,-0.0065,0.442894,0.575,FALSE,FALSE,FALSE,"ebi-a-GCST005185","4","4990298",0.0064,51750,0.3088,"Fasting blood insulin || id:ebi-a-GCST005185","Fasting blood insulin","Fasting blood insulin ||  || ",TRUE,"igd",NA,NA,NA,NA,NA,NA,NA,"ebi-a-GCST90025996","4",4990298,0.00200449,6.4998e-17,458349,"Waist-to-hip ratio adjusted for BMI || id:ebi-a-GCST90025996",TRUE,"reported","igd",2,1,TRUE
"129","rs4487571","A","C","A","C",0.0302856,0.011,0.0655097,0.058,FALSE,FALSE,FALSE,"ebi-a-GCST005185","6","41702619",0.0067,51750,0.115,"Fasting blood insulin || id:ebi-a-GCST005185","Fasting blood insulin","Fasting blood insulin ||  || ",TRUE,"igd",NA,NA,NA,NA,NA,NA,NA,"ebi-a-GCST90025996","6",41702619,0.00403754,4.90004e-14,458349,"Waist-to-hip ratio adjusted for BMI || id:ebi-a-GCST90025996",TRUE,"reported","igd",2,1,TRUE
"130","rs4548227","G","A","G","A",-0.0159537,0.0048,0.697739,0.721,FALSE,FALSE,FALSE,"ebi-a-GCST005185","8","89352314",0.0034,51750,0.1504,"Fasting blood insulin || id:ebi-a-GCST005185","Fasting blood insulin","Fasting blood insulin ||  || ",TRUE,"igd",NA,NA,NA,NA,NA,NA,NA,"ebi-a-GCST90025996","8",89352314,0.00216778,6.89922e-13,458349,"Waist-to-hip ratio adjusted for BMI || id:ebi-a-GCST90025996",TRUE,"reported","igd",2,1,TRUE
"131","rs464605","T","C","T","C",-0.0312481,0.014,0.746587,0.783,FALSE,FALSE,FALSE,"ebi-a-GCST005185","5","55806751",0.0035,51750,6.65994e-05,"Fasting blood insulin || id:ebi-a-GCST005185","Fasting blood insulin","Fasting blood insulin ||  || ",TRUE,"igd",TRUE,"rs464605","rs459193","C","T","A","G","ebi-a-GCST90025996","5",55807370,0.00227923,4.60045e-44,458349,"Waist-to-hip ratio adjusted for BMI || id:ebi-a-GCST90025996",TRUE,"reported","igd",2,1,TRUE
"132","rs4681821","C","T","C","T",0.0130205,0.0045,0.682538,0.637,FALSE,FALSE,FALSE,"ebi-a-GCST005185","3","58196962",0.0034,51750,0.1856,"Fasting blood insulin || id:ebi-a-GCST005185","Fasting blood insulin","Fasting blood insulin ||  || ",TRUE,"igd",NA,NA,NA,NA,NA,NA,NA,"ebi-a-GCST90025996","3",58196962,0.00213474,3.2e-10,458349,"Waist-to-hip ratio adjusted for BMI || id:ebi-a-GCST90025996",TRUE,"reported","igd",2,1,TRUE
"133","rs4683297","C","T","C","T",-0.0151842,-0.0016,0.3309,0.659,FALSE,FALSE,FALSE,"ebi-a-GCST005185","3","46973673",0.0034,51750,0.6474,"Fasting blood insulin || id:ebi-a-GCST005185","Fasting blood insulin","Fasting blood insulin ||  || ",TRUE,"igd",NA,NA,NA,NA,NA,NA,NA,"ebi-a-GCST90025996","3",46973673,0.00210864,2.90001e-13,458349,"Waist-to-hip ratio adjusted for BMI || id:ebi-a-GCST90025996",TRUE,"reported","igd",2,1,TRUE
"134","rs4684859","A","G","A","G",0.0245372,0.0032,0.423559,0.42,FALSE,FALSE,FALSE,"ebi-a-GCST005185","3","12498401",0.0033,51750,0.3255,"Fasting blood insulin || id:ebi-a-GCST005185","Fasting blood insulin","Fasting blood insulin ||  || ",TRUE,"igd",NA,NA,NA,NA,NA,NA,NA,"ebi-a-GCST90025996","3",12498401,0.00201001,1.59993e-35,458349,"Waist-to-hip ratio adjusted for BMI || id:ebi-a-GCST90025996",TRUE,"reported","igd",2,1,TRUE
"135","rs4691380","T","C","T","C",-0.0118572,-0.014,0.325389,0.345,FALSE,FALSE,FALSE,"ebi-a-GCST005185","4","157720124",0.0034,51750,2.157e-05,"Fasting blood insulin || id:ebi-a-GCST005185","Fasting blood insulin","Fasting blood insulin ||  || ",TRUE,"igd",NA,NA,NA,NA,NA,NA,NA,"ebi-a-GCST90025996","4",157720124,0.00212019,1.7e-08,458349,"Waist-to-hip ratio adjusted for BMI || id:ebi-a-GCST90025996",TRUE,"reported","igd",2,1,TRUE
"137","rs4786487","C","G","C","G",-0.0225093,0.0069,0.739882,0.73,FALSE,TRUE,FALSE,"ebi-a-GCST005185","16","4440397",0.0083,51750,0.4055,"Fasting blood insulin || id:ebi-a-GCST005185","Fasting blood insulin","Fasting blood insulin ||  || ",TRUE,"igd",NA,NA,NA,NA,NA,NA,NA,"ebi-a-GCST90025996","16",4440397,0.00226992,2.49977e-23,458349,"Waist-to-hip ratio adjusted for BMI || id:ebi-a-GCST90025996",TRUE,"reported","igd",2,1,TRUE
"138","rs4800452","T","C","T","C",0.0193747,0.0037,0.784894,0.239,FALSE,FALSE,FALSE,"ebi-a-GCST005185","18","20727611",0.0039,51750,0.3351,"Fasting blood insulin || id:ebi-a-GCST005185","Fasting blood insulin","Fasting blood insulin ||  || ",TRUE,"igd",NA,NA,NA,NA,NA,NA,NA,"ebi-a-GCST90025996","18",20727611,0.0024233,1.99986e-15,458349,"Waist-to-hip ratio adjusted for BMI || id:ebi-a-GCST90025996",TRUE,"reported","igd",2,1,TRUE
"139","rs4823086","T","C","T","C",0.0235228,-0.0021,0.126157,0.134,FALSE,FALSE,FALSE,"ebi-a-GCST005185","22","30688659",0.0054,51750,0.703399,"Fasting blood insulin || id:ebi-a-GCST005185","Fasting blood insulin","Fasting blood insulin ||  || ",TRUE,"igd",NA,NA,NA,NA,NA,NA,NA,"ebi-a-GCST90025996","22",30688659,0.00302642,5.50047e-15,458349,"Waist-to-hip ratio adjusted for BMI || id:ebi-a-GCST90025996",TRUE,"reported","igd",2,1,TRUE
"140","rs4841132","G","A","G","A",-0.019663,-0.03,0.908757,0.925,FALSE,FALSE,FALSE,"ebi-a-GCST005185","8","9183596",0.005,51750,1.714e-09,"Fasting blood insulin || id:ebi-a-GCST005185","Fasting blood insulin","Fasting blood insulin ||  || ",TRUE,"igd",NA,NA,NA,NA,NA,NA,NA,"ebi-a-GCST90025996","8",9183596,0.0036732,3.29997e-08,458349,"Waist-to-hip ratio adjusted for BMI || id:ebi-a-GCST90025996",TRUE,"reported","igd",2,1,TRUE
"141","rs4850910","A","C","A","C",-0.0185986,-0.0025,0.816816,0.192,FALSE,FALSE,FALSE,"ebi-a-GCST005185","2","100271619",0.0042,51750,0.5637,"Fasting blood insulin || id:ebi-a-GCST005185","Fasting blood insulin","Fasting blood insulin ||  || ",TRUE,"igd",TRUE,"rs4850910","rs11123790","C","A","G","A","ebi-a-GCST90025996","2",100272614,0.00256331,3.40017e-13,458349,"Waist-to-hip ratio adjusted for BMI || id:ebi-a-GCST90025996",TRUE,"reported","igd",2,1,TRUE
"142","rs4908286","T","G","T","G",0.0163108,-0.0021,0.601913,0.392,FALSE,FALSE,FALSE,"ebi-a-GCST005185","1","103551329",0.0032,51750,0.5018,"Fasting blood insulin || id:ebi-a-GCST005185","Fasting blood insulin","Fasting blood insulin ||  || ",TRUE,"igd",NA,NA,NA,NA,NA,NA,NA,"ebi-a-GCST90025996","1",103551329,0.00202487,1.10002e-15,458349,"Waist-to-hip ratio adjusted for BMI || id:ebi-a-GCST90025996",TRUE,"reported","igd",2,1,TRUE
"143","rs4928143","T","C","T","C",0.0249458,-0.0015,0.0772705,0.11,FALSE,FALSE,FALSE,"ebi-a-GCST005185","3","99442780",0.0062,51750,0.8017,"Fasting blood insulin || id:ebi-a-GCST005185","Fasting blood insulin","Fasting blood insulin ||  || ",TRUE,"igd",NA,NA,NA,NA,NA,NA,NA,"ebi-a-GCST90025996","3",99442780,0.00371771,6.79986e-12,458349,"Waist-to-hip ratio adjusted for BMI || id:ebi-a-GCST90025996",TRUE,"reported","igd",2,1,TRUE
"144","rs555754","A","G","A","G",-0.0226512,0.0072,0.468052,0.522,FALSE,FALSE,FALSE,"ebi-a-GCST005185","6","160770312",0.0032,51750,0.0223301,"Fasting blood insulin || id:ebi-a-GCST005185","Fasting blood insulin","Fasting blood insulin ||  || ",TRUE,"igd",TRUE,"rs555754","rs474513","A","G","G","A","ebi-a-GCST90025996","6",160769423,0.00199677,1.80011e-30,458349,"Waist-to-hip ratio adjusted for BMI || id:ebi-a-GCST90025996",TRUE,"reported","igd",2,1,TRUE
"145","rs56911719","G","C","G","C",-0.0148304,-3e-04,0.200072,0.202,FALSE,TRUE,FALSE,"ebi-a-GCST005185","11","32387562",0.0039,51750,0.9474,"Fasting blood insulin || id:ebi-a-GCST005185","Fasting blood insulin","Fasting blood insulin ||  || ",TRUE,"igd",TRUE,"rs56911719","rs11031749","G","C","T","G","ebi-a-GCST90025996","11",32388502,0.00248573,7.10003e-09,458349,"Waist-to-hip ratio adjusted for BMI || id:ebi-a-GCST90025996",TRUE,"reported","igd",2,1,TRUE
"146","rs57826934","T","C","T","C",0.020197,0.008,0.327289,0.725,FALSE,FALSE,FALSE,"ebi-a-GCST005185","4","56319350",0.0034,51750,0.0181999,"Fasting blood insulin || id:ebi-a-GCST005185","Fasting blood insulin","Fasting blood insulin ||  || ",TRUE,"igd",TRUE,"rs57826934","rs11240","T","C","G","C","ebi-a-GCST90025996","4",56323379,0.00211897,1.10002e-21,458349,"Waist-to-hip ratio adjusted for BMI || id:ebi-a-GCST90025996",TRUE,"reported","igd",2,1,TRUE
"147","rs58584712","A","G","A","G",-0.0248956,0.01,0.211128,0.821,FALSE,FALSE,FALSE,"ebi-a-GCST005185","2","112253851",0.0097,51750,0.2938,"Fasting blood insulin || id:ebi-a-GCST005185","Fasting blood insulin","Fasting blood insulin ||  || ",TRUE,"igd",TRUE,"rs58584712","rs1345203","A","G","C","T","ebi-a-GCST90025996","2",112249583,0.00243457,1.50003e-24,458349,"Waist-to-hip ratio adjusted for BMI || id:ebi-a-GCST90025996",TRUE,"reported","igd",2,1,TRUE
"148","rs6066103","G","A","G","A",-0.0312715,-0.0011,0.318233,0.298,FALSE,FALSE,FALSE,"ebi-a-GCST005185","20","45530530",0.0034,51750,0.7503,"Fasting blood insulin || id:ebi-a-GCST005185","Fasting blood insulin","Fasting blood insulin ||  || ",TRUE,"igd",TRUE,"rs6066103","rs6066104","G","A","T","C","ebi-a-GCST90025996","20",45527902,0.00212464,2.19989e-49,458349,"Waist-to-hip ratio adjusted for BMI || id:ebi-a-GCST90025996",TRUE,"reported","igd",2,1,TRUE
"149","rs61747585","A","C","A","C",0.0309791,0.0035,0.0416725,0.017,FALSE,FALSE,FALSE,"ebi-a-GCST005185","14","52514366",0.0076,51750,0.6484,"Fasting blood insulin || id:ebi-a-GCST005185","Fasting blood insulin","Fasting blood insulin ||  || ",TRUE,"igd",TRUE,"rs61747585","rs10400710","A","C","T","C","ebi-a-GCST90025996","14",52508842,0.00500148,3.29997e-10,458349,"Waist-to-hip ratio adjusted for BMI || id:ebi-a-GCST90025996",TRUE,"reported","igd",2,1,TRUE
"150","rs61964261","T","C","T","C",-0.0184642,-9e-04,0.12735,0.115,FALSE,FALSE,FALSE,"ebi-a-GCST005185","13","110938813",0.0048,51750,0.8563,"Fasting blood insulin || id:ebi-a-GCST005185","Fasting blood insulin","Fasting blood insulin ||  || ",TRUE,"igd",TRUE,"rs61964261","rs552125","T","C","T","C","ebi-a-GCST90025996","13",110937046,0.00298475,8.10009e-10,458349,"Waist-to-hip ratio adjusted for BMI || id:ebi-a-GCST90025996",TRUE,"reported","igd",2,1,TRUE
"151","rs62002122","T","C","T","C",0.012723,0.0011,0.334295,0.6,FALSE,FALSE,FALSE,"ebi-a-GCST005185","15","42128568",0.0033,51750,0.7339,"Fasting blood insulin || id:ebi-a-GCST005185","Fasting blood insulin","Fasting blood insulin ||  || ",TRUE,"igd",TRUE,"rs62002122","rs2303516","T","C","G","C","ebi-a-GCST90025996","15",42146189,0.00216207,3.79997e-10,458349,"Waist-to-hip ratio adjusted for BMI || id:ebi-a-GCST90025996",TRUE,"reported","igd",2,1,TRUE
"152","rs62011302","A","G","A","G",0.0165365,0.0013,0.156384,0.133,FALSE,FALSE,FALSE,"ebi-a-GCST005185","15","63814640",0.0041,51750,0.742,"Fasting blood insulin || id:ebi-a-GCST005185","Fasting blood insulin","Fasting blood insulin ||  || ",TRUE,"igd",TRUE,"rs62011302","rs17765642","A","G","A","G","ebi-a-GCST90025996","15",63813743,0.00274179,8.50002e-10,458349,"Waist-to-hip ratio adjusted for BMI || id:ebi-a-GCST90025996",TRUE,"reported","igd",2,1,TRUE
"153","rs62062136","C","T","C","T",0.0239635,0.01,0.221126,0.208,FALSE,FALSE,FALSE,"ebi-a-GCST005185","17","44116238",0.0089,51750,0.2592,"Fasting blood insulin || id:ebi-a-GCST005185","Fasting blood insulin","Fasting blood insulin ||  || ",TRUE,"igd",TRUE,"rs62062136","rs41437445","C","T","A","G","ebi-a-GCST90025996","17",44116312,0.00242015,3.40017e-23,458349,"Waist-to-hip ratio adjusted for BMI || id:ebi-a-GCST90025996",TRUE,"reported","igd",2,1,TRUE
"154","rs622856","T","C","T","C",-0.0171265,-0.0049,0.365713,0.627,FALSE,FALSE,FALSE,"ebi-a-GCST005185","8","128334900",0.0033,51750,0.1399,"Fasting blood insulin || id:ebi-a-GCST005185","Fasting blood insulin","Fasting blood insulin ||  || ",TRUE,"igd",TRUE,"rs622856","rs13256367","T","C","C","A","ebi-a-GCST90025996","8",128333180,0.00206389,3.29989e-17,458349,"Waist-to-hip ratio adjusted for BMI || id:ebi-a-GCST90025996",TRUE,"reported","igd",2,1,TRUE
"155","rs62320367","T","C","T","C",0.0146011,0.0034,0.219844,0.235,FALSE,FALSE,FALSE,"ebi-a-GCST005185","4","125128229",0.0036,51750,0.3518,"Fasting blood insulin || id:ebi-a-GCST005185","Fasting blood insulin","Fasting blood insulin ||  || ",TRUE,"igd",TRUE,"rs62320367","rs7685444","T","C","A","C","ebi-a-GCST90025996","4",125123223,0.00240038,7.10003e-10,458349,"Waist-to-hip ratio adjusted for BMI || id:ebi-a-GCST90025996",TRUE,"reported","igd",2,1,TRUE
"156","rs647978","T","C","T","C",0.0171922,-0.0015,0.867939,0.892,FALSE,FALSE,FALSE,"ebi-a-GCST005185","13","78064882",0.005,51750,0.7643,"Fasting blood insulin || id:ebi-a-GCST005185","Fasting blood insulin","Fasting blood insulin ||  || ",TRUE,"igd",TRUE,"rs647978","rs498633","C","T","T","A","ebi-a-GCST90025996","13",78069069,0.00294224,5e-09,458349,"Waist-to-hip ratio adjusted for BMI || id:ebi-a-GCST90025996",TRUE,"reported","igd",2,1,TRUE
"157","rs651477","C","T","C","T",0.0114968,0.0015,0.256505,0.689,FALSE,FALSE,FALSE,"ebi-a-GCST005185","2","119395691",0.0035,51750,0.6637,"Fasting blood insulin || id:ebi-a-GCST005185","Fasting blood insulin","Fasting blood insulin ||  || ",TRUE,"igd",NA,NA,NA,NA,NA,NA,NA,"ebi-a-GCST90025996","2",119395691,0.00226947,3.29997e-08,458349,"Waist-to-hip ratio adjusted for BMI || id:ebi-a-GCST90025996",TRUE,"reported","igd",2,1,TRUE
"158","rs651837","G","A","G","A",-0.0238685,-0.0082,0.590708,0.446,FALSE,FALSE,FALSE,"ebi-a-GCST005185","6","139829666",0.0032,51750,0.00987711,"Fasting blood insulin || id:ebi-a-GCST005185","Fasting blood insulin","Fasting blood insulin ||  || ",TRUE,"igd",TRUE,"rs651837","rs605066","A","G","C","T","ebi-a-GCST90025996","6",139829560,0.00201756,1.9002e-32,458349,"Waist-to-hip ratio adjusted for BMI || id:ebi-a-GCST90025996",TRUE,"reported","igd",2,1,TRUE
"159","rs653178","T","C","T","C",-0.0120422,1e-04,0.51617,0.438,FALSE,FALSE,FALSE,"ebi-a-GCST005185","12","112007756",0.0032,51750,0.9664,"Fasting blood insulin || id:ebi-a-GCST005185","Fasting blood insulin","Fasting blood insulin ||  || ",TRUE,"igd",NA,NA,NA,NA,NA,NA,NA,"ebi-a-GCST90025996","12",112007756,0.00198735,6.19998e-10,458349,"Waist-to-hip ratio adjusted for BMI || id:ebi-a-GCST90025996",TRUE,"reported","igd",2,1,TRUE
"160","rs6573198","A","G","A","G",-0.0147833,0.0011,0.717436,0.277,FALSE,FALSE,FALSE,"ebi-a-GCST005185","14","58761129",0.0035,51750,0.7418,"Fasting blood insulin || id:ebi-a-GCST005185","Fasting blood insulin","Fasting blood insulin ||  || ",TRUE,"igd",TRUE,"rs6573198","rs10133305","G","A","G","A","ebi-a-GCST90025996","14",58759762,0.00221057,2.90001e-11,458349,"Waist-to-hip ratio adjusted for BMI || id:ebi-a-GCST90025996",TRUE,"reported","igd",2,1,TRUE
"161","rs6603004","G","A","G","A",0.011174,0.0019,0.521292,0.504,FALSE,FALSE,FALSE,"ebi-a-GCST005185","15","84568504",0.0031,51750,0.5507,"Fasting blood insulin || id:ebi-a-GCST005185","Fasting blood insulin","Fasting blood insulin ||  || ",TRUE,"igd",NA,NA,NA,NA,NA,NA,NA,"ebi-a-GCST90025996","15",84568504,0.00199786,1.29999e-08,458349,"Waist-to-hip ratio adjusted for BMI || id:ebi-a-GCST90025996",TRUE,"reported","igd",2,1,TRUE
"162","rs6670040","T","C","T","C",-0.0107477,-0.009,0.501555,0.531,FALSE,FALSE,FALSE,"ebi-a-GCST005185","1","203508174",0.044,51750,0.8393,"Fasting blood insulin || id:ebi-a-GCST005185","Fasting blood insulin","Fasting blood insulin ||  || ",TRUE,"igd",TRUE,"rs6670040","rs6670438","T","C","C","T","ebi-a-GCST90025996","1",203510396,0.00198478,4e-08,458349,"Waist-to-hip ratio adjusted for BMI || id:ebi-a-GCST90025996",TRUE,"reported","igd",2,1,TRUE
"163","rs6701725","G","A","G","A",0.0112381,2e-04,0.596058,0.593,FALSE,FALSE,FALSE,"ebi-a-GCST005185","1","203102728",0.0032,51750,0.9536,"Fasting blood insulin || id:ebi-a-GCST005185","Fasting blood insulin","Fasting blood insulin ||  || ",TRUE,"igd",NA,NA,NA,NA,NA,NA,NA,"ebi-a-GCST90025996","1",203102728,0.00202199,6.1e-09,458349,"Waist-to-hip ratio adjusted for BMI || id:ebi-a-GCST90025996",TRUE,"reported","igd",2,1,TRUE
"164","rs6716270","C","T","C","T",0.0250618,0.0058,0.147563,0.841,FALSE,FALSE,FALSE,"ebi-a-GCST005185","2","66201731",0.0043,51750,0.1722,"Fasting blood insulin || id:ebi-a-GCST005185","Fasting blood insulin","Fasting blood insulin ||  || ",TRUE,"igd",NA,NA,NA,NA,NA,NA,NA,"ebi-a-GCST90025996","2",66201731,0.00279117,3.29989e-19,458349,"Waist-to-hip ratio adjusted for BMI || id:ebi-a-GCST90025996",TRUE,"reported","igd",2,1,TRUE
"165","rs6735844","T","C","T","C",0.0170057,0.0043,0.269378,0.257,FALSE,FALSE,FALSE,"ebi-a-GCST005185","2","171421606",0.0037,51750,0.245,"Fasting blood insulin || id:ebi-a-GCST005185","Fasting blood insulin","Fasting blood insulin ||  || ",TRUE,"igd",NA,NA,NA,NA,NA,NA,NA,"ebi-a-GCST90025996","2",171421606,0.0022359,2.80027e-14,458349,"Waist-to-hip ratio adjusted for BMI || id:ebi-a-GCST90025996",TRUE,"reported","igd",2,1,TRUE
"166","rs67597629","A","G","A","G",0.0362621,0.006,0.0795641,0.097,FALSE,FALSE,FALSE,"ebi-a-GCST005185","6","80910571",0.0058,51750,0.2993,"Fasting blood insulin || id:ebi-a-GCST005185","Fasting blood insulin","Fasting blood insulin ||  || ",TRUE,"igd",TRUE,"rs67597629","rs9688535","A","G","A","G","ebi-a-GCST90025996","6",80912585,0.00366919,5.30029e-23,458349,"Waist-to-hip ratio adjusted for BMI || id:ebi-a-GCST90025996",TRUE,"reported","igd",2,1,TRUE
"167","rs6793495","A","G","A","G",-0.012712,0.0049,0.266648,0.301,FALSE,FALSE,FALSE,"ebi-a-GCST005185","3","11647416",0.0075,51750,0.5134,"Fasting blood insulin || id:ebi-a-GCST005185","Fasting blood insulin","Fasting blood insulin ||  || ",TRUE,"igd",TRUE,"rs6793495","rs7433453","A","G","T","C","ebi-a-GCST90025996","3",11647942,0.00224364,2e-08,458349,"Waist-to-hip ratio adjusted for BMI || id:ebi-a-GCST90025996",TRUE,"reported","igd",2,1,TRUE
"168","rs6836057","G","T","G","T",-0.0125125,0.0057,0.347203,0.372,FALSE,FALSE,FALSE,"ebi-a-GCST005185","4","15361736",0.0033,51750,0.0838398,"Fasting blood insulin || id:ebi-a-GCST005185","Fasting blood insulin","Fasting blood insulin ||  || ",TRUE,"igd",TRUE,"rs6836057","rs4336218","G","T","T","G","ebi-a-GCST90025996","4",15364283,0.00208856,8.30004e-10,458349,"Waist-to-hip ratio adjusted for BMI || id:ebi-a-GCST90025996",TRUE,"reported","igd",2,1,TRUE
"169","rs6861681","A","G","A","G",0.0290203,0.0042,0.302074,0.255,FALSE,FALSE,FALSE,"ebi-a-GCST005185","5","173362458",0.0035,51750,0.228,"Fasting blood insulin || id:ebi-a-GCST005185","Fasting blood insulin","Fasting blood insulin ||  || ",TRUE,"igd",NA,NA,NA,NA,NA,NA,NA,"ebi-a-GCST90025996","5",173362458,0.00216171,1.59993e-41,458349,"Waist-to-hip ratio adjusted for BMI || id:ebi-a-GCST90025996",TRUE,"reported","igd",2,1,TRUE
"170","rs6887628","A","C","A","C",0.0117432,0.0021,0.346076,0.301,FALSE,FALSE,FALSE,"ebi-a-GCST005185","5","148562981",0.0033,51750,0.521,"Fasting blood insulin || id:ebi-a-GCST005185","Fasting blood insulin","Fasting blood insulin ||  || ",TRUE,"igd",NA,NA,NA,NA,NA,NA,NA,"ebi-a-GCST90025996","5",148562981,0.0020965,6.1e-09,458349,"Waist-to-hip ratio adjusted for BMI || id:ebi-a-GCST90025996",TRUE,"reported","igd",2,1,TRUE
"171","rs690238","G","T","G","T",-0.0120008,-0.0011,0.35678,0.415,FALSE,FALSE,FALSE,"ebi-a-GCST005185","7","138023288",0.0037,51750,0.7665,"Fasting blood insulin || id:ebi-a-GCST005185","Fasting blood insulin","Fasting blood insulin ||  || ",TRUE,"igd",TRUE,"rs690238","rs357438","G","T","C","G","ebi-a-GCST90025996","7",138038645,0.00209205,1.79999e-08,458349,"Waist-to-hip ratio adjusted for BMI || id:ebi-a-GCST90025996",TRUE,"reported","igd",2,1,TRUE
"172","rs6914079","G","A","G","A",0.0170385,-0.0019,0.814112,0.792,FALSE,FALSE,FALSE,"ebi-a-GCST005185","6","14596365",0.004,51750,0.639599,"Fasting blood insulin || id:ebi-a-GCST005185","Fasting blood insulin","Fasting blood insulin ||  || ",TRUE,"igd",NA,NA,NA,NA,NA,NA,NA,"ebi-a-GCST90025996","6",14596365,0.00255511,2.09991e-11,458349,"Waist-to-hip ratio adjusted for BMI || id:ebi-a-GCST90025996",TRUE,"reported","igd",2,1,TRUE
"173","rs6921610","T","C","T","C",0.0125611,0.0016,0.536888,0.442,FALSE,FALSE,FALSE,"ebi-a-GCST005185","6","6997161",0.0032,51750,0.6215,"Fasting blood insulin || id:ebi-a-GCST005185","Fasting blood insulin","Fasting blood insulin ||  || ",TRUE,"igd",NA,NA,NA,NA,NA,NA,NA,"ebi-a-GCST90025996","6",6997161,0.00199256,3.29997e-10,458349,"Waist-to-hip ratio adjusted for BMI || id:ebi-a-GCST90025996",TRUE,"reported","igd",2,1,TRUE
"174","rs6983481","T","G","T","G",-0.0207036,-0.002,0.240288,0.267,FALSE,FALSE,FALSE,"ebi-a-GCST005185","8","23609009",0.0037,51750,0.5851,"Fasting blood insulin || id:ebi-a-GCST005185","Fasting blood insulin","Fasting blood insulin ||  || ",TRUE,"igd",NA,NA,NA,NA,NA,NA,NA,"ebi-a-GCST90025996","8",23609009,0.00232763,1e-18,458349,"Waist-to-hip ratio adjusted for BMI || id:ebi-a-GCST90025996",TRUE,"reported","igd",2,1,TRUE
"175","rs7025811","G","A","G","A",0.0121849,0.0028,0.364333,0.646,FALSE,FALSE,FALSE,"ebi-a-GCST005185","9","114004821",0.0032,51750,0.3878,"Fasting blood insulin || id:ebi-a-GCST005185","Fasting blood insulin","Fasting blood insulin ||  || ",TRUE,"igd",NA,NA,NA,NA,NA,NA,NA,"ebi-a-GCST90025996","9",114004821,0.00206882,8.70001e-10,458349,"Waist-to-hip ratio adjusted for BMI || id:ebi-a-GCST90025996",TRUE,"reported","igd",2,1,TRUE
"176","rs7031163","T","C","T","C",0.0238147,0.0029,0.174831,0.181,FALSE,FALSE,FALSE,"ebi-a-GCST005185","9","95527885",0.004,51750,0.4686,"Fasting blood insulin || id:ebi-a-GCST005185","Fasting blood insulin","Fasting blood insulin ||  || ",TRUE,"igd",NA,NA,NA,NA,NA,NA,NA,"ebi-a-GCST90025996","9",95527885,0.00261921,1.39991e-19,458349,"Waist-to-hip ratio adjusted for BMI || id:ebi-a-GCST90025996",TRUE,"reported","igd",2,1,TRUE
"177","rs7072380","A","G","A","G",0.0125276,0.0032,0.507785,0.473,FALSE,FALSE,FALSE,"ebi-a-GCST005185","10","27882825",0.0032,51750,0.3128,"Fasting blood insulin || id:ebi-a-GCST005185","Fasting blood insulin","Fasting blood insulin ||  || ",TRUE,"igd",NA,NA,NA,NA,NA,NA,NA,"ebi-a-GCST90025996","10",27882825,0.0019899,1.6e-10,458349,"Waist-to-hip ratio adjusted for BMI || id:ebi-a-GCST90025996",TRUE,"reported","igd",2,1,TRUE
"178","rs7133378","A","G","A","G",-0.0420882,-0.0039,0.316567,0.363,FALSE,FALSE,FALSE,"ebi-a-GCST005185","12","124409502",0.0034,51750,0.2556,"Fasting blood insulin || id:ebi-a-GCST005185","Fasting blood insulin","Fasting blood insulin ||  || ",TRUE,"igd",NA,NA,NA,NA,NA,NA,NA,"ebi-a-GCST90025996","12",124409502,0.00214566,3.19963e-86,458349,"Waist-to-hip ratio adjusted for BMI || id:ebi-a-GCST90025996",TRUE,"reported","igd",2,1,TRUE
"179","rs718314","G","A","G","A",0.0342433,0.0081,0.243766,0.783,FALSE,FALSE,FALSE,"ebi-a-GCST005185","12","26453283",0.0036,51750,0.0249299,"Fasting blood insulin || id:ebi-a-GCST005185","Fasting blood insulin","Fasting blood insulin ||  || ",TRUE,"igd",NA,NA,NA,NA,NA,NA,NA,"ebi-a-GCST90025996","12",26453283,0.00231256,1.80011e-50,458349,"Waist-to-hip ratio adjusted for BMI || id:ebi-a-GCST90025996",TRUE,"reported","igd",2,1,TRUE
"180","rs7203193","G","A","G","A",0.0114562,-0.01,0.486833,0.535,FALSE,FALSE,FALSE,"ebi-a-GCST005185","16","11641180",0.0077,51750,0.186,"Fasting blood insulin || id:ebi-a-GCST005185","Fasting blood insulin","Fasting blood insulin ||  || ",TRUE,"igd",NA,NA,NA,NA,NA,NA,NA,"ebi-a-GCST90025996","16",11641180,0.0019907,2.30001e-08,458349,"Waist-to-hip ratio adjusted for BMI || id:ebi-a-GCST90025996",TRUE,"reported","igd",2,1,TRUE
"181","rs7207123","A","G","A","G",-0.0150085,-0.0044,0.320683,0.323,FALSE,FALSE,FALSE,"ebi-a-GCST005185","17","18208544",0.0034,51750,0.1912,"Fasting blood insulin || id:ebi-a-GCST005185","Fasting blood insulin","Fasting blood insulin ||  || ",TRUE,"igd",NA,NA,NA,NA,NA,NA,NA,"ebi-a-GCST90025996","17",18208544,0.00214847,5.50047e-12,458349,"Waist-to-hip ratio adjusted for BMI || id:ebi-a-GCST90025996",TRUE,"reported","igd",2,1,TRUE
"182","rs72628506","A","G","A","G",0.0313714,0.0095,0.0882821,0.08,FALSE,FALSE,FALSE,"ebi-a-GCST005185","3","129463505",0.0062,51750,0.1271,"Fasting blood insulin || id:ebi-a-GCST005185","Fasting blood insulin","Fasting blood insulin ||  || ",TRUE,"igd",TRUE,"rs72628506","rs4075143","A","G","T","C","ebi-a-GCST90025996","3",129528602,0.00349789,8.80035e-20,458349,"Waist-to-hip ratio adjusted for BMI || id:ebi-a-GCST90025996",TRUE,"reported","igd",2,1,TRUE
"183","rs727428","C","T","C","T",-0.0172193,-0.0031,0.556341,0.535,FALSE,FALSE,FALSE,"ebi-a-GCST005185","17","7537792",0.0034,51750,0.3673,"Fasting blood insulin || id:ebi-a-GCST005185","Fasting blood insulin","Fasting blood insulin ||  || ",TRUE,"igd",NA,NA,NA,NA,NA,NA,NA,"ebi-a-GCST90025996","17",7537792,0.00200441,3.69999e-18,458349,"Waist-to-hip ratio adjusted for BMI || id:ebi-a-GCST90025996",TRUE,"reported","igd",2,1,TRUE
"184","rs7394746","C","T","C","T",-0.020273,-0.0063,0.472689,0.472,FALSE,FALSE,FALSE,"ebi-a-GCST005185","11","69263864",0.0035,51750,0.0724903,"Fasting blood insulin || id:ebi-a-GCST005185","Fasting blood insulin","Fasting blood insulin ||  || ",TRUE,"igd",TRUE,"rs7394746","rs12806952","C","T","T","C","ebi-a-GCST90025996","11",69262428,0.00199258,2.70023e-25,458349,"Waist-to-hip ratio adjusted for BMI || id:ebi-a-GCST90025996",TRUE,"reported","igd",2,1,TRUE
"185","rs750460","A","G","A","G",-0.0124525,-0.0015,0.468577,0.35,FALSE,FALSE,FALSE,"ebi-a-GCST005185","15","74241506",0.0033,51750,0.6382,"Fasting blood insulin || id:ebi-a-GCST005185","Fasting blood insulin","Fasting blood insulin ||  || ",TRUE,"igd",NA,NA,NA,NA,NA,NA,NA,"ebi-a-GCST90025996","15",74241506,0.00199196,5.19996e-10,458349,"Waist-to-hip ratio adjusted for BMI || id:ebi-a-GCST90025996",TRUE,"reported","igd",2,1,TRUE
"186","rs7578597","C","T","C","T",0.020388,0.015,0.108373,0.876,FALSE,FALSE,FALSE,"ebi-a-GCST005185","2","43732823",0.0056,51750,0.00620898,"Fasting blood insulin || id:ebi-a-GCST005185","Fasting blood insulin","Fasting blood insulin ||  || ",TRUE,"igd",NA,NA,NA,NA,NA,NA,NA,"ebi-a-GCST90025996","2",43732823,0.00319438,6.89922e-11,458349,"Waist-to-hip ratio adjusted for BMI || id:ebi-a-GCST90025996",TRUE,"reported","igd",2,1,TRUE
"187","rs7651090","G","A","G","A",0.0148676,-0.0032,0.314294,0.704,FALSE,FALSE,FALSE,"ebi-a-GCST005185","3","185513392",0.0034,51750,0.3461,"Fasting blood insulin || id:ebi-a-GCST005185","Fasting blood insulin","Fasting blood insulin ||  || ",TRUE,"igd",NA,NA,NA,NA,NA,NA,NA,"ebi-a-GCST90025996","3",185513392,0.00213983,3.90032e-12,458349,"Waist-to-hip ratio adjusted for BMI || id:ebi-a-GCST90025996",TRUE,"reported","igd",2,1,TRUE
"188","rs7708285","A","G","A","G",-0.013586,-0.0042,0.691461,0.261,FALSE,FALSE,FALSE,"ebi-a-GCST005185","5","76425867",0.0038,51750,0.2691,"Fasting blood insulin || id:ebi-a-GCST005185","Fasting blood insulin","Fasting blood insulin ||  || ",TRUE,"igd",NA,NA,NA,NA,NA,NA,NA,"ebi-a-GCST90025996","5",76425867,0.00215108,2e-09,458349,"Waist-to-hip ratio adjusted for BMI || id:ebi-a-GCST90025996",TRUE,"reported","igd",2,1,TRUE
"189","rs7723040","T","C","T","C",0.0266114,0.0042,0.0906231,0.103,FALSE,FALSE,FALSE,"ebi-a-GCST005185","5","142085997",0.0057,51750,0.462701,"Fasting blood insulin || id:ebi-a-GCST005185","Fasting blood insulin","Fasting blood insulin ||  || ",TRUE,"igd",NA,NA,NA,NA,NA,NA,NA,"ebi-a-GCST90025996","5",142085997,0.00346461,1e-14,458349,"Waist-to-hip ratio adjusted for BMI || id:ebi-a-GCST90025996",TRUE,"reported","igd",2,1,TRUE
"190","rs7797942","G","T","G","T",-0.0141875,0.0011,0.312752,0.681,FALSE,FALSE,FALSE,"ebi-a-GCST005185","7","42732612",0.0034,51750,0.754699,"Fasting blood insulin || id:ebi-a-GCST005185","Fasting blood insulin","Fasting blood insulin ||  || ",TRUE,"igd",NA,NA,NA,NA,NA,NA,NA,"ebi-a-GCST90025996","7",42732612,0.0021414,5.50047e-11,458349,"Waist-to-hip ratio adjusted for BMI || id:ebi-a-GCST90025996",TRUE,"reported","igd",2,1,TRUE
"191","rs7832357","G","A","G","A",0.0159875,-9e-04,0.341841,0.619,FALSE,FALSE,FALSE,"ebi-a-GCST005185","8","126516197",0.0034,51750,0.8042,"Fasting blood insulin || id:ebi-a-GCST005185","Fasting blood insulin","Fasting blood insulin ||  || ",TRUE,"igd",NA,NA,NA,NA,NA,NA,NA,"ebi-a-GCST90025996","8",126516197,0.00209863,9.30037e-14,458349,"Waist-to-hip ratio adjusted for BMI || id:ebi-a-GCST90025996",TRUE,"reported","igd",2,1,TRUE
"192","rs78852278","A","C","A","C",-0.0239901,-0.0019,0.0908653,0.903,FALSE,FALSE,FALSE,"ebi-a-GCST005185","2","67760072",0.0053,51750,0.715899,"Fasting blood insulin || id:ebi-a-GCST005185","Fasting blood insulin","Fasting blood insulin ||  || ",TRUE,"igd",TRUE,"rs78852278","rs17633978","A","C","G","A","ebi-a-GCST90025996","2",67753577,0.00344824,4.40048e-12,458349,"Waist-to-hip ratio adjusted for BMI || id:ebi-a-GCST90025996",TRUE,"reported","igd",2,1,TRUE
"193","rs7942991","T","C","T","C",0.0186143,1e-04,0.301074,0.265,FALSE,FALSE,FALSE,"ebi-a-GCST005185","11","62337203",0.0037,51750,0.9853,"Fasting blood insulin || id:ebi-a-GCST005185","Fasting blood insulin","Fasting blood insulin ||  || ",TRUE,"igd",NA,NA,NA,NA,NA,NA,NA,"ebi-a-GCST90025996","11",62337203,0.00216788,1.59993e-17,458349,"Waist-to-hip ratio adjusted for BMI || id:ebi-a-GCST90025996",TRUE,"reported","igd",2,1,TRUE
"194","rs797475","G","A","G","A",0.0401465,0.0026,0.879733,0.95,FALSE,FALSE,FALSE,"ebi-a-GCST005185","13","51203769",0.0049,51750,0.588499,"Fasting blood insulin || id:ebi-a-GCST005185","Fasting blood insulin","Fasting blood insulin ||  || ",TRUE,"igd",NA,NA,NA,NA,NA,NA,NA,"ebi-a-GCST90025996","13",51203769,0.00306362,4.00037e-39,458349,"Waist-to-hip ratio adjusted for BMI || id:ebi-a-GCST90025996",TRUE,"reported","igd",2,1,TRUE
"195","rs8052655","A","G","A","G",-0.031991,-0.013,0.0439802,0.045,FALSE,FALSE,FALSE,"ebi-a-GCST005185","16","67409180",0.0076,51750,0.0795408,"Fasting blood insulin || id:ebi-a-GCST005185","Fasting blood insulin","Fasting blood insulin ||  || ",TRUE,"igd",NA,NA,NA,NA,NA,NA,NA,"ebi-a-GCST90025996","16",67409180,0.00486185,2.80027e-11,458349,"Waist-to-hip ratio adjusted for BMI || id:ebi-a-GCST90025996",TRUE,"reported","igd",2,1,TRUE
"196","rs805753","C","T","C","T",0.0152506,-0.0022,0.360617,0.624,FALSE,FALSE,FALSE,"ebi-a-GCST005185","20","5648889",0.0087,51750,0.803,"Fasting blood insulin || id:ebi-a-GCST005185","Fasting blood insulin","Fasting blood insulin ||  || ",TRUE,"igd",NA,NA,NA,NA,NA,NA,NA,"ebi-a-GCST90025996","20",5648889,0.00208051,1.20005e-13,458349,"Waist-to-hip ratio adjusted for BMI || id:ebi-a-GCST90025996",TRUE,"reported","igd",2,1,TRUE
"197","rs8082188","T","C","T","C",0.0161219,0.0021,0.307305,0.283,FALSE,FALSE,FALSE,"ebi-a-GCST005185","17","40398973",0.0035,51750,0.5568,"Fasting blood insulin || id:ebi-a-GCST005185","Fasting blood insulin","Fasting blood insulin ||  || ",TRUE,"igd",TRUE,"rs8082188","rs8082391","T","C","A","C","ebi-a-GCST90025996","17",40398825,0.00215591,2.90001e-14,458349,"Waist-to-hip ratio adjusted for BMI || id:ebi-a-GCST90025996",TRUE,"reported","igd",2,1,TRUE
"198","rs8121509","C","T","C","T",-0.014237,0.0065,0.452486,0.527,FALSE,FALSE,FALSE,"ebi-a-GCST005185","20","62712053",0.0042,51750,0.1237,"Fasting blood insulin || id:ebi-a-GCST005185","Fasting blood insulin","Fasting blood insulin ||  || ",TRUE,"igd",NA,NA,NA,NA,NA,NA,NA,"ebi-a-GCST90025996","20",62712053,0.00200241,9.49948e-13,458349,"Waist-to-hip ratio adjusted for BMI || id:ebi-a-GCST90025996",TRUE,"reported","igd",2,1,TRUE
"199","rs849134","G","A","G","A",-0.0194393,0.0023,0.503042,0.526,FALSE,FALSE,FALSE,"ebi-a-GCST005185","7","28196222",0.0031,51750,0.4566,"Fasting blood insulin || id:ebi-a-GCST005185","Fasting blood insulin","Fasting blood insulin ||  || ",TRUE,"igd",NA,NA,NA,NA,NA,NA,NA,"ebi-a-GCST90025996","7",28196222,0.00198622,1e-23,458349,"Waist-to-hip ratio adjusted for BMI || id:ebi-a-GCST90025996",TRUE,"reported","igd",2,1,TRUE
"200","rs856411","C","T","C","T",0.0143136,0.01,0.642004,0.594,FALSE,FALSE,FALSE,"ebi-a-GCST005185","20","51259176",0.0032,51750,0.00140201,"Fasting blood insulin || id:ebi-a-GCST005185","Fasting blood insulin","Fasting blood insulin ||  || ",TRUE,"igd",NA,NA,NA,NA,NA,NA,NA,"ebi-a-GCST90025996","20",51259176,0.00207544,1e-11,458349,"Waist-to-hip ratio adjusted for BMI || id:ebi-a-GCST90025996",TRUE,"reported","igd",2,1,TRUE
"201","rs862049","T","C","T","C",0.0134715,0.0021,0.655138,0.385,FALSE,FALSE,FALSE,"ebi-a-GCST005185","14","74981882",0.0033,51750,0.5286,"Fasting blood insulin || id:ebi-a-GCST005185","Fasting blood insulin","Fasting blood insulin ||  || ",TRUE,"igd",NA,NA,NA,NA,NA,NA,NA,"ebi-a-GCST90025996","14",74981882,0.00209597,8.69961e-11,458349,"Waist-to-hip ratio adjusted for BMI || id:ebi-a-GCST90025996",TRUE,"reported","igd",2,1,TRUE
"202","rs867264","A","G","A","G",0.0138344,0.005,0.551994,0.433,FALSE,FALSE,FALSE,"ebi-a-GCST005185","20","45760490",0.0032,51750,0.1166,"Fasting blood insulin || id:ebi-a-GCST005185","Fasting blood insulin","Fasting blood insulin ||  || ",TRUE,"igd",NA,NA,NA,NA,NA,NA,NA,"ebi-a-GCST90025996","20",45760490,0.00200225,7.29962e-12,458349,"Waist-to-hip ratio adjusted for BMI || id:ebi-a-GCST90025996",TRUE,"reported","igd",2,1,TRUE
"203","rs891088","G","A","G","A",-0.0130079,0.0047,0.262488,0.739,FALSE,FALSE,FALSE,"ebi-a-GCST005185","19","7184762",0.0036,51750,0.1883,"Fasting blood insulin || id:ebi-a-GCST005185","Fasting blood insulin","Fasting blood insulin ||  || ",TRUE,"igd",NA,NA,NA,NA,NA,NA,NA,"ebi-a-GCST90025996","19",7184762,0.00226023,7.49998e-09,458349,"Waist-to-hip ratio adjusted for BMI || id:ebi-a-GCST90025996",TRUE,"reported","igd",2,1,TRUE
"204","rs900400","C","T","C","T",-0.0317467,0.0051,0.399368,0.603,FALSE,FALSE,FALSE,"ebi-a-GCST005185","3","156798775",0.0034,51750,0.1328,"Fasting blood insulin || id:ebi-a-GCST005185","Fasting blood insulin","Fasting blood insulin ||  || ",TRUE,"igd",NA,NA,NA,NA,NA,NA,NA,"ebi-a-GCST90025996","3",156798775,0.00203163,3.29989e-58,458349,"Waist-to-hip ratio adjusted for BMI || id:ebi-a-GCST90025996",TRUE,"reported","igd",2,1,TRUE
"205","rs905938","C","T","C","T",-0.0246181,-0.0023,0.264989,0.708,FALSE,FALSE,FALSE,"ebi-a-GCST005185","1","154991389",0.0039,51750,0.5589,"Fasting blood insulin || id:ebi-a-GCST005185","Fasting blood insulin","Fasting blood insulin ||  || ",TRUE,"igd",NA,NA,NA,NA,NA,NA,NA,"ebi-a-GCST90025996","1",154991389,0.00224841,1.69981e-27,458349,"Waist-to-hip ratio adjusted for BMI || id:ebi-a-GCST90025996",TRUE,"reported","igd",2,1,TRUE
"206","rs937218","G","A","G","A",-0.0142749,-0.0032,0.450205,0.584,FALSE,FALSE,FALSE,"ebi-a-GCST005185","5","4018972",0.0031,51750,0.3067,"Fasting blood insulin || id:ebi-a-GCST005185","Fasting blood insulin","Fasting blood insulin ||  || ",TRUE,"igd",TRUE,"rs937218","rs903085","G","A","C","T","ebi-a-GCST90025996","5",4018995,0.00199826,6.4003e-13,458349,"Waist-to-hip ratio adjusted for BMI || id:ebi-a-GCST90025996",TRUE,"reported","igd",2,1,TRUE
"207","rs9425291","A","G","A","G",0.0284446,0.0077,0.436459,0.42,FALSE,FALSE,FALSE,"ebi-a-GCST005185","1","172312769",0.0032,51750,0.0163399,"Fasting blood insulin || id:ebi-a-GCST005185","Fasting blood insulin","Fasting blood insulin ||  || ",TRUE,"igd",NA,NA,NA,NA,NA,NA,NA,"ebi-a-GCST90025996","1",172312769,0.00199971,1.50003e-47,458349,"Waist-to-hip ratio adjusted for BMI || id:ebi-a-GCST90025996",TRUE,"reported","igd",2,1,TRUE
"208","rs9435732","T","C","T","C",-0.0144445,0.0025,0.261123,0.195,FALSE,FALSE,FALSE,"ebi-a-GCST005185","1","17308158",0.0035,51750,0.4723,"Fasting blood insulin || id:ebi-a-GCST005185","Fasting blood insulin","Fasting blood insulin ||  || ",TRUE,"igd",NA,NA,NA,NA,NA,NA,NA,"ebi-a-GCST90025996","1",17308158,0.00225353,1.7e-10,458349,"Waist-to-hip ratio adjusted for BMI || id:ebi-a-GCST90025996",TRUE,"reported","igd",2,1,TRUE
"209","rs9462026","G","C","G","C",-0.0148829,0.0048,0.327554,0.331,FALSE,TRUE,FALSE,"ebi-a-GCST005185","6","34797033",0.0033,51750,0.1477,"Fasting blood insulin || id:ebi-a-GCST005185","Fasting blood insulin","Fasting blood insulin ||  || ",TRUE,"igd",NA,NA,NA,NA,NA,NA,NA,"ebi-a-GCST90025996","6",34797033,0.00211577,3.59998e-13,458349,"Waist-to-hip ratio adjusted for BMI || id:ebi-a-GCST90025996",TRUE,"reported","igd",2,1,TRUE
"210","rs951252","G","A","G","A",0.0195471,0.0014,0.550041,0.571,FALSE,FALSE,FALSE,"ebi-a-GCST005185","4","145825151",0.0032,51750,0.6671,"Fasting blood insulin || id:ebi-a-GCST005185","Fasting blood insulin","Fasting blood insulin ||  || ",TRUE,"igd",NA,NA,NA,NA,NA,NA,NA,"ebi-a-GCST90025996","4",145825151,0.00199825,1.9002e-23,458349,"Waist-to-hip ratio adjusted for BMI || id:ebi-a-GCST90025996",TRUE,"reported","igd",2,1,TRUE
"211","rs9521732","A","C","A","C",-0.0153534,0.0026,0.382701,0.403,FALSE,FALSE,FALSE,"ebi-a-GCST005185","13","111033821",0.0032,51750,0.4245,"Fasting blood insulin || id:ebi-a-GCST005185","Fasting blood insulin","Fasting blood insulin ||  || ",TRUE,"igd",NA,NA,NA,NA,NA,NA,NA,"ebi-a-GCST90025996","13",111033821,0.00204963,9.70063e-15,458349,"Waist-to-hip ratio adjusted for BMI || id:ebi-a-GCST90025996",TRUE,"reported","igd",2,1,TRUE
"212","rs9568486","C","T","C","T",0.0146511,0.0073,0.154685,0.85,FALSE,FALSE,FALSE,"ebi-a-GCST005185","13","51464001",0.0047,51750,0.1196,"Fasting blood insulin || id:ebi-a-GCST005185","Fasting blood insulin","Fasting blood insulin ||  || ",TRUE,"igd",NA,NA,NA,NA,NA,NA,NA,"ebi-a-GCST90025996","13",51464001,0.00275087,2.69998e-08,458349,"Waist-to-hip ratio adjusted for BMI || id:ebi-a-GCST90025996",TRUE,"reported","igd",2,1,TRUE
"213","rs9818870","T","C","T","C",0.0225004,0.0063,0.156724,0.168,FALSE,FALSE,FALSE,"ebi-a-GCST005185","3","138122122",0.0046,51750,0.1683,"Fasting blood insulin || id:ebi-a-GCST005185","Fasting blood insulin","Fasting blood insulin ||  || ",TRUE,"igd",NA,NA,NA,NA,NA,NA,NA,"ebi-a-GCST90025996","3",138122122,0.00273061,6.4998e-17,458349,"Waist-to-hip ratio adjusted for BMI || id:ebi-a-GCST90025996",TRUE,"reported","igd",2,1,TRUE
"214","rs9833879","A","G","A","G",0.0336708,0.0086,0.784376,0.164,FALSE,FALSE,FALSE,"ebi-a-GCST005185","3","129334233",0.0038,51750,0.0241802,"Fasting blood insulin || id:ebi-a-GCST005185","Fasting blood insulin","Fasting blood insulin ||  || ",TRUE,"igd",TRUE,"rs9833879","rs10804591","G","A","C","A","ebi-a-GCST90025996","3",129333910,0.00241565,6.00067e-45,458349,"Waist-to-hip ratio adjusted for BMI || id:ebi-a-GCST90025996",TRUE,"reported","igd",2,1,TRUE
